OBJECTID,UJAHR,UMONAT,USTUNDE,UWOCHENTAG,UKATEGORIE,UART,UTYP1,ULICHTVERH,IstPKW,IstFuss,IstKrad,IstGkfz,IstSonstige,XGCSWGS84,YGCSWGS84,Kommentar,Stadtteil,typ,involved,art
,2024,4,11,3,Unfall mit Leichtverletzten,5.0,5.0,0.0,1.0,0.0,0.0,0.0,0.0,"8,489485340000044","49,473645533000081",,,Unfall durch ruhenden Verkehr,"Fahrrad, Pkw",Zusammenstoß mit einbiegendem / kreuzendem Fahrzeug
,2024,4,0,3,Unfall mit Schwerverletzten,0.0,7.0,2.0,0.0,0.0,0.0,0.0,0.0,"8,473520309000037","49,456077111000070",,,sonstiger Unfall,Fahrrad,Unfall anderer Art
,2024,4,17,2,Unfall mit Leichtverletzten,5.0,3.0,0.0,1.0,0.0,0.0,0.0,0.0,"8,481887594000057","49,456574718000070",,,Einbiegen / Kreuzen-Unfall,"Fahrrad, Pkw",Zusammenstoß mit einbiegendem / kreuzendem Fahrzeug
,2024,4,16,2,Unfall mit Leichtverletzten,5.0,3.0,0.0,1.0,0.0,0.0,0.0,0.0,"8,497278864000066","49,450483133000034",,,Einbiegen / Kreuzen-Unfall,"Fahrrad, Pkw",Zusammenstoß mit einbiegendem / kreuzendem Fahrzeug
,2024,4,11,2,Unfall mit Leichtverletzten,5.0,3.0,0.0,1.0,0.0,0.0,0.0,0.0,"8,481859472000053","49,525808815000062",,,Einbiegen / Kreuzen-Unfall,"Fahrrad, Pkw",Zusammenstoß mit einbiegendem / kreuzendem Fahrzeug
,2024,4,7,2,Unfall mit Leichtverletzten,5.0,3.0,0.0,1.0,0.0,0.0,0.0,0.0,"8,522863834000077","49,495000817000061",,,Einbiegen / Kreuzen-Unfall,"Fahrrad, Pkw",Zusammenstoß mit einbiegendem / kreuzendem Fahrzeug
,2024,4,20,1,Unfall mit Leichtverletzten,0.0,7.0,2.0,0.0,0.0,0.0,0.0,0.0,"8,481637231000036","49,531813644000067",,,sonstiger Unfall,Fahrrad,Unfall anderer Art
,2024,4,18,1,Unfall mit Leichtverletzten,0.0,7.0,0.0,0.0,1.0,0.0,0.0,0.0,"8,458092784000030","49,490875044000063",,,sonstiger Unfall,"Fahrrad, Fußgänger",Unfall anderer Art
,2024,4,14,1,Unfall mit Leichtverletzten,0.0,7.0,0.0,0.0,0.0,0.0,0.0,0.0,"8,528168196000024","49,436988527000040",,,sonstiger Unfall,Fahrrad,Unfall anderer Art
,2024,4,2,1,Unfall mit Schwerverletzten,0.0,7.0,2.0,0.0,0.0,0.0,0.0,0.0,"8,459735313000067","49,497401914000079",,,sonstiger Unfall,Fahrrad,Unfall anderer Art
,2024,3,22,7,Unfall mit Leichtverletzten,3.0,2.0,2.0,1.0,0.0,0.0,0.0,0.0,"8,469379935000063","49,487365465000039",,,Abbiegeunfall,"Fahrrad, Pkw",Zusammenstoß mit seitlich in gleicher Richtung fahrendem Fahrzeug
,2024,3,20,7,Unfall mit Leichtverletzten,4.0,2.0,2.0,1.0,0.0,0.0,0.0,0.0,"8,493570191000060","49,500799950000044",,,Abbiegeunfall,"Fahrrad, Pkw",Zusammenstoß mit entgegenkommendem Fahrzeug
,2024,3,19,7,Unfall mit Leichtverletzten,5.0,5.0,2.0,1.0,0.0,0.0,0.0,0.0,"8,477714797000033","49,461493122000036",,,Unfall durch ruhenden Verkehr,"Fahrrad, Pkw",Zusammenstoß mit einbiegendem / kreuzendem Fahrzeug
,2024,3,16,7,Unfall mit Schwerverletzten,5.0,2.0,0.0,0.0,0.0,0.0,0.0,1.0,"8,477693788000067","49,461521526000070",,,Abbiegeunfall,"Fahrrad, Tram/Bus (bis 2017 auch LKW)",Zusammenstoß mit einbiegendem / kreuzendem Fahrzeug
,2024,3,20,6,Unfall mit Leichtverletzten,3.0,5.0,2.0,1.0,0.0,0.0,0.0,0.0,"8,476815311000053","49,480348692000064",,,Unfall durch ruhenden Verkehr,"Fahrrad, Pkw",Zusammenstoß mit seitlich in gleicher Richtung fahrendem Fahrzeug
,2024,3,13,6,Unfall mit Leichtverletzten,5.0,5.0,0.0,1.0,0.0,0.0,0.0,0.0,"8,471320860000048","49,492060542000047",,,Unfall durch ruhenden Verkehr,"Fahrrad, Pkw",Zusammenstoß mit einbiegendem / kreuzendem Fahrzeug
,2024,3,12,6,Unfall mit Leichtverletzten,6.0,7.0,0.0,0.0,1.0,0.0,0.0,0.0,"8,478518988000076","49,520430463000082",,,sonstiger Unfall,"Fahrrad, Fußgänger",Zusammenstoß zwischen Fahrzeug und Fußgänger
,2024,3,8,6,Unfall mit Leichtverletzten,5.0,3.0,0.0,1.0,0.0,0.0,0.0,0.0,"8,570888678000074","49,460998699000072",,,Einbiegen / Kreuzen-Unfall,"Fahrrad, Pkw",Zusammenstoß mit einbiegendem / kreuzendem Fahrzeug
,2024,3,8,6,Unfall mit Leichtverletzten,0.0,7.0,0.0,0.0,0.0,0.0,0.0,0.0,"8,505465587000060","49,506896997000069",,,sonstiger Unfall,Fahrrad,Unfall anderer Art
,2024,3,17,5,Unfall mit Leichtverletzten,4.0,6.0,0.0,0.0,0.0,0.0,0.0,0.0,"8,477166164000039","49,491898341000081",,,Unfall im Längsverkehr,Fahrrad,Zusammenstoß mit entgegenkommendem Fahrzeug
,2024,3,16,5,Unfall mit Leichtverletzten,5.0,3.0,0.0,0.0,0.0,0.0,0.0,1.0,"8,492234288000077","49,458693559000039",,,Einbiegen / Kreuzen-Unfall,"Fahrrad, Tram/Bus (bis 2017 auch LKW)",Zusammenstoß mit einbiegendem / kreuzendem Fahrzeug
,2024,3,16,5,Unfall mit Leichtverletzten,5.0,3.0,0.0,1.0,0.0,0.0,0.0,0.0,"8,501645537000059","49,524903558000062",,,Einbiegen / Kreuzen-Unfall,"Fahrrad, Pkw",Zusammenstoß mit einbiegendem / kreuzendem Fahrzeug
,2024,3,12,5,Unfall mit Leichtverletzten,0.0,7.0,0.0,0.0,0.0,0.0,0.0,0.0,"8,471362852000027","49,493486944000040",,,sonstiger Unfall,Fahrrad,Unfall anderer Art
,2024,3,12,5,Unfall mit Leichtverletzten,5.0,3.0,0.0,1.0,0.0,0.0,0.0,0.0,"8,487939236000045","49,497132683000075",,,Einbiegen / Kreuzen-Unfall,"Fahrrad, Pkw",Zusammenstoß mit einbiegendem / kreuzendem Fahrzeug
,2024,3,18,4,Unfall mit Leichtverletzten,5.0,2.0,2.0,1.0,0.0,0.0,0.0,0.0,"8,471388903000047","49,481065951000062",,,Abbiegeunfall,"Fahrrad, Pkw",Zusammenstoß mit einbiegendem / kreuzendem Fahrzeug
,2024,3,18,4,Unfall mit Leichtverletzten,3.0,6.0,0.0,1.0,0.0,0.0,0.0,0.0,"8,476582232000055","49,490555315000051",,,Unfall im Längsverkehr,"Fahrrad, Pkw",Zusammenstoß mit seitlich in gleicher Richtung fahrendem Fahrzeug
,2024,3,16,4,Unfall mit Leichtverletzten,5.0,3.0,0.0,1.0,0.0,0.0,0.0,0.0,"8,524961012000063","49,472833689000026",,,Einbiegen / Kreuzen-Unfall,"Fahrrad, Pkw",Zusammenstoß mit einbiegendem / kreuzendem Fahrzeug
,2024,3,16,4,Unfall mit Leichtverletzten,5.0,3.0,0.0,1.0,0.0,0.0,0.0,0.0,"8,473054435000051","49,472587655000041",,,Einbiegen / Kreuzen-Unfall,"Fahrrad, Pkw",Zusammenstoß mit einbiegendem / kreuzendem Fahrzeug
,2024,3,16,4,Unfall mit Leichtverletzten,5.0,3.0,0.0,1.0,0.0,0.0,0.0,0.0,"8,468045148000044","49,484708092000062",,,Einbiegen / Kreuzen-Unfall,"Fahrrad, Pkw",Zusammenstoß mit einbiegendem / kreuzendem Fahrzeug
,2024,3,12,4,Unfall mit Leichtverletzten,5.0,3.0,0.0,0.0,0.0,1.0,0.0,0.0,"8,471478521000051","49,503829835000033",,,Einbiegen / Kreuzen-Unfall,"Fahrrad, Kraftrad",Zusammenstoß mit einbiegendem / kreuzendem Fahrzeug
,2024,3,7,4,Unfall mit Schwerverletzten,5.0,3.0,0.0,1.0,0.0,0.0,0.0,0.0,"8,529927925000038","49,510149285000068",,,Einbiegen / Kreuzen-Unfall,"Fahrrad, Pkw",Zusammenstoß mit einbiegendem / kreuzendem Fahrzeug
,2024,3,5,4,Unfall mit Leichtverletzten,4.0,2.0,1.0,1.0,0.0,0.0,0.0,0.0,"8,568535449000024","49,442665986000065",,,Abbiegeunfall,"Fahrrad, Pkw",Zusammenstoß mit entgegenkommendem Fahrzeug
,2024,3,17,3,Unfall mit Leichtverletzten,3.0,2.0,0.0,1.0,0.0,0.0,0.0,0.0,"8,492606130000070","49,533034644000054",,,Abbiegeunfall,"Fahrrad, Pkw",Zusammenstoß mit seitlich in gleicher Richtung fahrendem Fahrzeug
,2024,3,16,3,Unfall mit Schwerverletzten,5.0,3.0,0.0,1.0,0.0,0.0,0.0,0.0,"8,481146733000060","49,456861563000075",,,Einbiegen / Kreuzen-Unfall,"Fahrrad, Pkw",Zusammenstoß mit einbiegendem / kreuzendem Fahrzeug
,2024,3,15,3,Unfall mit Leichtverletzten,0.0,7.0,0.0,0.0,0.0,0.0,0.0,0.0,"8,504196820000061","49,477830465000068",,,sonstiger Unfall,Fahrrad,Unfall anderer Art
,2024,3,12,3,Unfall mit Leichtverletzten,9.0,5.0,0.0,1.0,0.0,0.0,0.0,0.0,"8,486661358000049","49,496324633000029",,,Unfall durch ruhenden Verkehr,"Fahrrad, Pkw",Abkommen von Fahrbahn nach links
,2024,3,18,2,Unfall mit Leichtverletzten,0.0,6.0,1.0,1.0,0.0,0.0,0.0,0.0,"8,473006882000050","49,464889292000066",,,Unfall im Längsverkehr,"Fahrrad, Pkw",Unfall anderer Art
,2024,3,18,2,Unfall mit Leichtverletzten,3.0,2.0,1.0,1.0,0.0,0.0,0.0,0.0,"8,473570517000041","49,483855857000037",,,Abbiegeunfall,"Fahrrad, Pkw",Zusammenstoß mit seitlich in gleicher Richtung fahrendem Fahrzeug
,2024,3,18,2,Unfall mit Leichtverletzten,3.0,2.0,0.0,1.0,0.0,0.0,0.0,0.0,"8,475756032000049","49,489139120000061",,,Abbiegeunfall,"Fahrrad, Pkw",Zusammenstoß mit seitlich in gleicher Richtung fahrendem Fahrzeug
,2024,3,17,2,Unfall mit Schwerverletzten,5.0,3.0,0.0,0.0,0.0,0.0,0.0,1.0,"8,497164927000028","49,502715091000027",,,Einbiegen / Kreuzen-Unfall,"Fahrrad, Tram/Bus (bis 2017 auch LKW)",Zusammenstoß mit einbiegendem / kreuzendem Fahrzeug
,2024,3,14,2,Unfall mit Leichtverletzten,3.0,6.0,0.0,0.0,0.0,0.0,0.0,1.0,"8,475656031000028","49,486050282000065",,,Unfall im Längsverkehr,"Fahrrad, Tram/Bus (bis 2017 auch LKW)",Zusammenstoß mit seitlich in gleicher Richtung fahrendem Fahrzeug
,2024,3,12,2,Unfall mit Leichtverletzten,5.0,3.0,0.0,1.0,0.0,0.0,0.0,0.0,"8,481231089000062","49,533490676000042",,,Einbiegen / Kreuzen-Unfall,"Fahrrad, Pkw",Zusammenstoß mit einbiegendem / kreuzendem Fahrzeug
,2024,3,11,2,Unfall mit Leichtverletzten,5.0,3.0,0.0,1.0,0.0,0.0,0.0,0.0,"8,487511172000040","49,464553452000075",,,Einbiegen / Kreuzen-Unfall,"Fahrrad, Pkw",Zusammenstoß mit einbiegendem / kreuzendem Fahrzeug
,2024,3,11,2,Unfall mit Schwerverletzten,5.0,3.0,0.0,1.0,0.0,0.0,0.0,0.0,"8,483666114000073","49,469852347000028",,,Einbiegen / Kreuzen-Unfall,"Fahrrad, Pkw",Zusammenstoß mit einbiegendem / kreuzendem Fahrzeug
,2024,3,22,1,Unfall mit Leichtverletzten,5.0,2.0,2.0,1.0,0.0,0.0,0.0,0.0,"8,472343009000042","49,497375341000065",,,Abbiegeunfall,"Fahrrad, Pkw",Zusammenstoß mit einbiegendem / kreuzendem Fahrzeug
,2024,3,11,1,Unfall mit Schwerverletzten,5.0,3.0,0.0,1.0,0.0,0.0,0.0,0.0,"8,471639011000036","49,546632151000040",,,Einbiegen / Kreuzen-Unfall,"Fahrrad, Pkw",Zusammenstoß mit einbiegendem / kreuzendem Fahrzeug
,2024,2,13,7,Unfall mit Leichtverletzten,5.0,5.0,0.0,1.0,0.0,0.0,0.0,0.0,"8,576896754000074","49,441932452000060",,,Unfall durch ruhenden Verkehr,"Fahrrad, Pkw",Zusammenstoß mit einbiegendem / kreuzendem Fahrzeug
,2024,2,16,6,Unfall mit Leichtverletzten,5.0,3.0,0.0,1.0,0.0,0.0,0.0,0.0,"8,524349032000032","49,439982547000056",,,Einbiegen / Kreuzen-Unfall,"Fahrrad, Pkw",Zusammenstoß mit einbiegendem / kreuzendem Fahrzeug
,2024,2,15,6,Unfall mit Leichtverletzten,1.0,5.0,0.0,1.0,0.0,0.0,0.0,0.0,"8,467788492000068","49,487974952000059",,,Unfall durch ruhenden Verkehr,"Fahrrad, Pkw",Zusammenstoß mit anfahrendem/ anhaltendem/ ruhendem Fahrzeug
,2024,2,13,6,Unfall mit Leichtverletzten,5.0,3.0,0.0,1.0,0.0,0.0,0.0,0.0,"8,473434420000046","49,513658969000062",,,Einbiegen / Kreuzen-Unfall,"Fahrrad, Pkw",Zusammenstoß mit einbiegendem / kreuzendem Fahrzeug
,2024,2,14,5,Unfall mit Schwerverletzten,2.0,6.0,0.0,1.0,0.0,0.0,0.0,0.0,"8,484208977000037","49,455949814000064",,,Unfall im Längsverkehr,"Fahrrad, Pkw",Zusammenstoß mit vorausfahrendem / wartendem Fahrzeug
,2024,2,8,5,Unfall mit Leichtverletzten,4.0,2.0,0.0,1.0,0.0,0.0,0.0,0.0,"8,470788988000038","49,511086426000077",,,Abbiegeunfall,"Fahrrad, Pkw",Zusammenstoß mit entgegenkommendem Fahrzeug
,2024,2,18,4,Unfall mit Leichtverletzten,0.0,7.0,2.0,0.0,0.0,0.0,0.0,0.0,"8,502443286000073","49,449311632000047",,,sonstiger Unfall,Fahrrad,Unfall anderer Art
,2024,2,17,4,Unfall mit Leichtverletzten,4.0,3.0,1.0,1.0,0.0,0.0,0.0,0.0,"8,460514232000037","49,487756300000058",,,Einbiegen / Kreuzen-Unfall,"Fahrrad, Pkw",Zusammenstoß mit entgegenkommendem Fahrzeug
,2024,2,14,4,Unfall mit Leichtverletzten,5.0,2.0,0.0,1.0,0.0,0.0,0.0,0.0,"8,527364082000076","49,437650931000064",,,Abbiegeunfall,"Fahrrad, Pkw",Zusammenstoß mit einbiegendem / kreuzendem Fahrzeug
,2024,2,22,3,Unfall mit Leichtverletzten,0.0,7.0,2.0,0.0,0.0,0.0,0.0,0.0,"8,470159912000042","49,492047157000059",,,sonstiger Unfall,Fahrrad,Unfall anderer Art
,2024,2,20,3,Unfall mit Leichtverletzten,0.0,7.0,2.0,0.0,0.0,0.0,0.0,0.0,"8,490038520000041","49,493693234000034",,,sonstiger Unfall,Fahrrad,Unfall anderer Art
,2024,2,18,3,Unfall mit Leichtverletzten,5.0,3.0,2.0,1.0,0.0,0.0,0.0,0.0,"8,474000589000070","49,516322357000035",,,Einbiegen / Kreuzen-Unfall,"Fahrrad, Pkw",Zusammenstoß mit einbiegendem / kreuzendem Fahrzeug
,2024,2,13,3,Unfall mit Leichtverletzten,3.0,6.0,0.0,0.0,0.0,0.0,0.0,0.0,"8,481619694000074","49,453278210000065",,,Unfall im Längsverkehr,Fahrrad,Zusammenstoß mit seitlich in gleicher Richtung fahrendem Fahrzeug
,2024,2,11,3,Unfall mit Schwerverletzten,5.0,3.0,0.0,1.0,0.0,0.0,0.0,0.0,"8,473054529000024","49,472587205000082",,,Einbiegen / Kreuzen-Unfall,"Fahrrad, Pkw",Zusammenstoß mit einbiegendem / kreuzendem Fahrzeug
,2024,2,10,3,Unfall mit Leichtverletzten,5.0,3.0,0.0,0.0,0.0,0.0,0.0,0.0,"8,466427292000049","49,490572694000036",,,Einbiegen / Kreuzen-Unfall,Fahrrad,Zusammenstoß mit einbiegendem / kreuzendem Fahrzeug
,2024,2,0,3,Unfall mit Leichtverletzten,2.0,2.0,2.0,1.0,0.0,0.0,0.0,0.0,"8,476414591000037","49,497064366000075",,,Abbiegeunfall,"Fahrrad, Pkw",Zusammenstoß mit vorausfahrendem / wartendem Fahrzeug
,2024,2,20,2,Unfall mit Leichtverletzten,5.0,3.0,0.0,1.0,0.0,0.0,0.0,0.0,"8,467983256000025","49,483547195000028",,,Einbiegen / Kreuzen-Unfall,"Fahrrad, Pkw",Zusammenstoß mit einbiegendem / kreuzendem Fahrzeug
,2024,2,14,2,Unfall mit Leichtverletzten,1.0,5.0,0.0,1.0,0.0,0.0,0.0,0.0,"8,457280563000040","49,495219639000027",,,Unfall durch ruhenden Verkehr,"Fahrrad, Pkw",Zusammenstoß mit anfahrendem/ anhaltendem/ ruhendem Fahrzeug
,2024,2,13,2,Unfall mit Leichtverletzten,5.0,2.0,0.0,1.0,0.0,0.0,0.0,0.0,"8,510170301000073","49,507530594000059",,,Abbiegeunfall,"Fahrrad, Pkw",Zusammenstoß mit einbiegendem / kreuzendem Fahrzeug
,2024,2,6,2,Unfall mit Leichtverletzten,5.0,3.0,2.0,1.0,0.0,0.0,0.0,0.0,"8,472001040000066","49,469470119000050",,,Einbiegen / Kreuzen-Unfall,"Fahrrad, Pkw",Zusammenstoß mit einbiegendem / kreuzendem Fahrzeug
,2024,2,20,1,Unfall mit Leichtverletzten,2.0,6.0,2.0,0.0,0.0,0.0,0.0,0.0,"8,504856002000054","49,456358537000028",,,Unfall im Längsverkehr,Fahrrad,Zusammenstoß mit vorausfahrendem / wartendem Fahrzeug
,2024,2,15,1,Unfall mit Leichtverletzten,6.0,4.0,0.0,0.0,1.0,0.0,0.0,0.0,"8,480966447000071","49,534492054000054",,,Überschreiten-Unfall,"Fahrrad, Fußgänger",Zusammenstoß zwischen Fahrzeug und Fußgänger
,2024,1,20,6,Unfall mit Leichtverletzten,5.0,3.0,2.0,1.0,0.0,0.0,0.0,0.0,"8,480415567000023","49,471396012000071",,,Einbiegen / Kreuzen-Unfall,"Fahrrad, Pkw",Zusammenstoß mit einbiegendem / kreuzendem Fahrzeug
,2024,1,15,6,Unfall mit Leichtverletzten,1.0,5.0,0.0,1.0,0.0,0.0,0.0,0.0,"8,474423190000039","49,481519138000067",,,Unfall durch ruhenden Verkehr,"Fahrrad, Pkw",Zusammenstoß mit anfahrendem/ anhaltendem/ ruhendem Fahrzeug
,2024,1,5,6,Unfall mit Leichtverletzten,0.0,1.0,2.0,0.0,0.0,0.0,0.0,0.0,"8,464533524000046","49,487368152000045",,,Fahrunfall,Fahrrad,Unfall anderer Art
,2024,1,13,4,Unfall mit Leichtverletzten,5.0,3.0,0.0,1.0,0.0,0.0,0.0,0.0,"8,504361504000030","49,456928240000082",,,Einbiegen / Kreuzen-Unfall,"Fahrrad, Pkw",Zusammenstoß mit einbiegendem / kreuzendem Fahrzeug
,2024,1,9,4,Unfall mit Leichtverletzten,0.0,7.0,0.0,0.0,0.0,0.0,0.0,0.0,"8,513680008000051","49,441572647000044",,,sonstiger Unfall,Fahrrad,Unfall anderer Art
,2024,1,8,4,Unfall mit Leichtverletzten,0.0,1.0,0.0,0.0,0.0,0.0,0.0,0.0,"8,485262159000058","49,494734715000050",,,Fahrunfall,Fahrrad,Unfall anderer Art
,2024,1,7,4,Unfall mit Leichtverletzten,3.0,2.0,2.0,1.0,0.0,0.0,0.0,0.0,"8,492191856000034","49,521926944000029",,,Abbiegeunfall,"Fahrrad, Pkw",Zusammenstoß mit seitlich in gleicher Richtung fahrendem Fahrzeug
,2024,1,14,3,Unfall mit Leichtverletzten,5.0,3.0,0.0,1.0,0.0,0.0,0.0,0.0,"8,497193091000042","49,502730139000050",,,Einbiegen / Kreuzen-Unfall,"Fahrrad, Pkw",Zusammenstoß mit einbiegendem / kreuzendem Fahrzeug
,2024,1,7,3,Unfall mit Leichtverletzten,0.0,1.0,2.0,0.0,0.0,0.0,0.0,0.0,"8,512284463000071","49,490356418000033",,,Fahrunfall,Fahrrad,Unfall anderer Art
,2024,1,17,2,Unfall mit Leichtverletzten,3.0,2.0,1.0,0.0,0.0,0.0,0.0,1.0,"8,490667796000025","49,527986047000070",,,Abbiegeunfall,"Fahrrad, Tram/Bus (bis 2017 auch LKW)",Zusammenstoß mit seitlich in gleicher Richtung fahrendem Fahrzeug
,2024,1,15,2,Unfall mit Leichtverletzten,5.0,3.0,0.0,1.0,0.0,0.0,0.0,0.0,"8,456232130000046","49,488186793000068",,,Einbiegen / Kreuzen-Unfall,"Fahrrad, Pkw",Zusammenstoß mit einbiegendem / kreuzendem Fahrzeug
,2024,1,10,2,Unfall mit Schwerverletzten,4.0,2.0,0.0,1.0,0.0,0.0,0.0,0.0,"8,474335307000047","49,456353458000081",,,Abbiegeunfall,"Fahrrad, Pkw",Zusammenstoß mit entgegenkommendem Fahrzeug
,2024,1,8,2,Unfall mit Leichtverletzten,4.0,2.0,0.0,1.0,0.0,0.0,0.0,0.0,"8,480842772000074","49,522102180000047",,,Abbiegeunfall,"Fahrrad, Pkw",Zusammenstoß mit entgegenkommendem Fahrzeug
,2023,12,23,7,Unfall mit Leichtverletzten,6.0,4.0,2.0,0.0,1.0,0.0,0.0,0.0,"8,466377964000060","49,486654349000048",,,Überschreiten-Unfall,"Fahrrad, Fußgänger",Zusammenstoß zwischen Fahrzeug und Fußgänger
,2023,12,13,6,Unfall mit Leichtverletzten,3.0,5.0,0.0,1.0,0.0,0.0,0.0,0.0,"8,466295632000026","49,489127246000066",,,Unfall durch ruhenden Verkehr,"Fahrrad, Pkw",Zusammenstoß mit seitlich in gleicher Richtung fahrendem Fahrzeug
,2023,12,18,5,Unfall mit Leichtverletzten,0.0,7.0,2.0,0.0,0.0,0.0,0.0,0.0,"8,483047387000056","49,524594863000061",,,sonstiger Unfall,Fahrrad,Unfall anderer Art
,2023,12,14,5,Unfall mit Leichtverletzten,1.0,5.0,0.0,1.0,0.0,0.0,0.0,0.0,"8,466247514000031","49,490287344000080",,,Unfall durch ruhenden Verkehr,"Fahrrad, Pkw",Zusammenstoß mit anfahrendem/ anhaltendem/ ruhendem Fahrzeug
,2023,12,13,5,Unfall mit Leichtverletzten,5.0,3.0,0.0,1.0,0.0,0.0,0.0,0.0,"8,567605421000053","49,434802837000063",,,Einbiegen / Kreuzen-Unfall,"Fahrrad, Pkw",Zusammenstoß mit einbiegendem / kreuzendem Fahrzeug
,2023,12,10,5,Unfall mit Leichtverletzten,0.0,7.0,0.0,0.0,0.0,0.0,0.0,0.0,"8,563234215000023","49,466966457000069",,,sonstiger Unfall,Fahrrad,Unfall anderer Art
,2023,12,8,5,Unfall mit Leichtverletzten,5.0,3.0,0.0,1.0,0.0,0.0,0.0,0.0,"8,477367079000032","49,517394848000038",,,Einbiegen / Kreuzen-Unfall,"Fahrrad, Pkw",Zusammenstoß mit einbiegendem / kreuzendem Fahrzeug
,2023,12,6,5,Unfall mit Schwerverletzten,5.0,3.0,2.0,0.0,0.0,0.0,0.0,1.0,"8,501642898000057","49,505069404000039",,,Einbiegen / Kreuzen-Unfall,"Fahrrad, Tram/Bus (bis 2017 auch LKW)",Zusammenstoß mit einbiegendem / kreuzendem Fahrzeug
,2023,12,16,4,Unfall mit Leichtverletzten,5.0,2.0,0.0,1.0,0.0,0.0,0.0,0.0,"8,491338708000058","49,499631092000072",,,Abbiegeunfall,"Fahrrad, Pkw",Zusammenstoß mit einbiegendem / kreuzendem Fahrzeug
,2023,12,19,3,Unfall mit Leichtverletzten,5.0,3.0,2.0,1.0,0.0,0.0,0.0,0.0,"8,512222722000047","49,489005582000061",,,Einbiegen / Kreuzen-Unfall,"Fahrrad, Pkw",Zusammenstoß mit einbiegendem / kreuzendem Fahrzeug
,2023,12,16,2,Unfall mit Leichtverletzten,5.0,3.0,2.0,1.0,0.0,0.0,0.0,0.0,"8,503552587000058","49,457598187000031",,,Einbiegen / Kreuzen-Unfall,"Fahrrad, Pkw",Zusammenstoß mit einbiegendem / kreuzendem Fahrzeug
,2023,12,19,1,Unfall mit Leichtverletzten,1.0,5.0,2.0,1.0,0.0,0.0,0.0,0.0,"8,473039808000067","49,499096288000032",,,Unfall durch ruhenden Verkehr,"Fahrrad, Pkw",Zusammenstoß mit anfahrendem/ anhaltendem/ ruhendem Fahrzeug
,2023,12,17,1,Unfall mit Leichtverletzten,3.0,6.0,2.0,0.0,0.0,0.0,0.0,1.0,"8,470006168000054","49,470778456000062",,,Unfall im Längsverkehr,"Fahrrad, Tram/Bus (bis 2017 auch LKW)",Zusammenstoß mit seitlich in gleicher Richtung fahrendem Fahrzeug
,2023,12,15,1,Unfall mit Leichtverletzten,1.0,5.0,0.0,1.0,0.0,0.0,0.0,0.0,"8,472477035000054","49,484233919000076",,,Unfall durch ruhenden Verkehr,"Fahrrad, Pkw",Zusammenstoß mit anfahrendem/ anhaltendem/ ruhendem Fahrzeug
,2023,11,16,7,Unfall mit Leichtverletzten,5.0,3.0,0.0,1.0,0.0,0.0,0.0,0.0,"8,464075193000042","49,491579146000049",,,Einbiegen / Kreuzen-Unfall,"Fahrrad, Pkw",Zusammenstoß mit einbiegendem / kreuzendem Fahrzeug
,2023,11,1,7,Unfall mit Leichtverletzten,7.0,7.0,2.0,0.0,0.0,0.0,0.0,0.0,"8,471340733000034","49,493471170000078",,,sonstiger Unfall,Fahrrad,Aufprall auf Fahrbahnhindernis
,2023,11,17,6,Unfall mit Schwerverletzten,0.0,7.0,2.0,0.0,0.0,0.0,0.0,0.0,"8,450563908000049","49,491401788000076",,,sonstiger Unfall,Fahrrad,Unfall anderer Art
,2023,11,15,6,Unfall mit Leichtverletzten,4.0,6.0,0.0,0.0,0.0,0.0,0.0,0.0,"8,493720057000075","49,511760247000041",,,Unfall im Längsverkehr,Fahrrad,Zusammenstoß mit entgegenkommendem Fahrzeug
,2023,11,13,6,Unfall mit Leichtverletzten,6.0,4.0,0.0,0.0,1.0,0.0,0.0,0.0,"8,478381578000040","49,496877717000075",,,Überschreiten-Unfall,"Fahrrad, Fußgänger",Zusammenstoß zwischen Fahrzeug und Fußgänger
,2023,11,12,6,Unfall mit Leichtverletzten,1.0,7.0,0.0,1.0,0.0,0.0,0.0,0.0,"8,530047632000048","49,518444990000035",,,sonstiger Unfall,"Fahrrad, Pkw",Zusammenstoß mit anfahrendem/ anhaltendem/ ruhendem Fahrzeug
,2023,11,12,6,Unfall mit Leichtverletzten,2.0,6.0,0.0,1.0,0.0,0.0,0.0,0.0,"8,477794909000067","49,486450873000081",,,Unfall im Längsverkehr,"Fahrrad, Pkw",Zusammenstoß mit vorausfahrendem / wartendem Fahrzeug
,2023,11,11,6,Unfall mit Leichtverletzten,3.0,2.0,0.0,1.0,0.0,0.0,0.0,0.0,"8,501080218000027","49,459232179000026",,,Abbiegeunfall,"Fahrrad, Pkw",Zusammenstoß mit seitlich in gleicher Richtung fahrendem Fahrzeug