OBJECTID,UJAHR,UMONAT,USTUNDE,UWOCHENTAG,UKATEGORIE,UART,UTYP1,ULICHTVERH,IstPKW,IstFuss,IstKrad,IstGkfz,IstSonstige,XGCSWGS84,YGCSWGS84,Kommentar,Stadtteil,typ,involved,art
200162.0,2022,5,13,4,Unfall mit Leichtverletzten,1.0,5.0,0.0,1.0,0.0,0.0,0.0,0.0,"8,475072082000050","49,489249820000097",,,Unfall durch ruhenden Verkehr,"Fahrrad, Pkw",Zusammenstoß mit anfahrendem/ anhaltendem/ ruhendem Fahrzeug
199318.0,2022,5,12,4,Unfall mit Leichtverletzten,5.0,3.0,0.0,1.0,0.0,0.0,0.0,0.0,"8,482221145000040","49,509501918000097",,,Einbiegen / Kreuzen-Unfall,"Fahrrad, Pkw",Zusammenstoß mit einbiegendem / kreuzendem Fahrzeug
199166.0,2022,5,6,4,Unfall mit Schwerverletzten,3.0,6.0,0.0,1.0,0.0,0.0,0.0,0.0,"8,505618943000060","49,476485777999997",,,Unfall im Längsverkehr,"Fahrrad, Pkw",Zusammenstoß mit seitlich in gleicher Richtung fahrendem Fahrzeug
198986.0,2022,5,21,3,Unfall mit Leichtverletzten,4.0,6.0,1.0,0.0,0.0,0.0,0.0,1.0,"8,470520993000040","49,502140820000101",,,Unfall im Längsverkehr,"Fahrrad, Tram/Bus (bis 2017 auch LKW)",Zusammenstoß mit entgegenkommendem Fahrzeug
198441.0,2022,5,14,3,Unfall mit Leichtverletzten,0.0,3.0,0.0,1.0,0.0,0.0,0.0,0.0,"8,524538614000051","49,474476402999997",,,Einbiegen / Kreuzen-Unfall,"Fahrrad, Pkw",Unfall anderer Art
199269.0,2022,5,14,3,Unfall mit Leichtverletzten,0.0,7.0,0.0,0.0,0.0,0.0,0.0,0.0,"8,550973862000030","49,511207382000102",,,sonstiger Unfall,Fahrrad,Unfall anderer Art
199401.0,2022,5,13,3,Unfall mit Leichtverletzten,6.0,7.0,0.0,0.0,1.0,0.0,0.0,0.0,"8,485721452000060","49,506634313000099",,,sonstiger Unfall,"Fahrrad, Fußgänger",Zusammenstoß zwischen Fahrzeug und Fußgänger
199047.0,2022,5,10,3,Unfall mit Getöteten,3.0,2.0,0.0,0.0,0.0,0.0,1.0,0.0,"8,481764341000030","49,531953569999999","03.05.2022, Sonderburger Straße. Ein 58-jähriger Radfahrer war gegen gegen 10:15 Uhr beim Überqueren der Leo-Sternbach-Straße von dem Fahrer eines Sattelzugs erfasst und überrollt worden. Er erlag trotz umgehender Reanimationsmaßnahmen durch den Rettungsdienst noch am Unfallort seinen Verletzungen.",Schönau,Abbiegeunfall,"Fahrrad, LKW",Zusammenstoß mit seitlich in gleicher Richtung fahrendem Fahrzeug
198265.0,2022,5,8,3,Unfall mit Leichtverletzten,6.0,7.0,0.0,0.0,1.0,0.0,0.0,0.0,"8,481630083000031","49,495585980999998",,,sonstiger Unfall,"Fahrrad, Fußgänger",Zusammenstoß zwischen Fahrzeug und Fußgänger
198563.0,2022,5,6,3,Unfall mit Leichtverletzten,5.0,7.0,0.0,1.0,0.0,0.0,0.0,0.0,"8,463928146000059","49,485174391000001",,,sonstiger Unfall,"Fahrrad, Pkw",Zusammenstoß mit einbiegendem / kreuzendem Fahrzeug
198319.0,2022,5,15,2,Unfall mit Schwerverletzten,5.0,3.0,0.0,1.0,0.0,0.0,0.0,0.0,"8,482107045000021","49,512413674000101",,,Einbiegen / Kreuzen-Unfall,"Fahrrad, Pkw",Zusammenstoß mit einbiegendem / kreuzendem Fahrzeug
198423.0,2022,5,15,2,Unfall mit Leichtverletzten,5.0,3.0,0.0,1.0,0.0,0.0,0.0,0.0,"8,488771244000080","49,498304026000000",,,Einbiegen / Kreuzen-Unfall,"Fahrrad, Pkw",Zusammenstoß mit einbiegendem / kreuzendem Fahrzeug
199104.0,2022,5,15,2,Unfall mit Leichtverletzten,2.0,2.0,0.0,1.0,0.0,0.0,0.0,0.0,"8,453824692000071","49,486335375000102",,,Abbiegeunfall,"Fahrrad, Pkw",Zusammenstoß mit vorausfahrendem / wartendem Fahrzeug
198593.0,2022,5,13,2,Unfall mit Leichtverletzten,1.0,5.0,0.0,1.0,0.0,0.0,0.0,0.0,"8,466326735000051","49,473618282000103",,,Unfall durch ruhenden Verkehr,"Fahrrad, Pkw",Zusammenstoß mit anfahrendem/ anhaltendem/ ruhendem Fahrzeug
199235.0,2022,5,13,2,Unfall mit Leichtverletzten,5.0,3.0,0.0,1.0,0.0,0.0,0.0,0.0,"8,495734075000030","49,453067267000101",,,Einbiegen / Kreuzen-Unfall,"Fahrrad, Pkw",Zusammenstoß mit einbiegendem / kreuzendem Fahrzeug
198930.0,2022,5,12,2,Unfall mit Leichtverletzten,1.0,5.0,0.0,1.0,0.0,0.0,0.0,0.0,"8,459903568000071","49,491047353000098",,,Unfall durch ruhenden Verkehr,"Fahrrad, Pkw",Zusammenstoß mit anfahrendem/ anhaltendem/ ruhendem Fahrzeug
85135.0,2022,5,10,2,Unfall mit Leichtverletzten,5.0,2.0,0.0,1.0,0.0,0.0,0.0,0.0,"8,479734176000020","49,488511873999997",,,Abbiegeunfall,"Fahrrad, Pkw",Zusammenstoß mit einbiegendem / kreuzendem Fahrzeug
198257.0,2022,5,18,1,Unfall mit Leichtverletzten,0.0,7.0,0.0,1.0,0.0,0.0,0.0,0.0,"8,476706127000060","49,499772898000103",,,sonstiger Unfall,"Fahrrad, Pkw",Unfall anderer Art
198364.0,2022,5,18,1,Unfall mit Schwerverletzten,0.0,7.0,0.0,0.0,0.0,0.0,0.0,0.0,"8,479925981000060","49,471662840000100",,,sonstiger Unfall,Fahrrad,Unfall anderer Art
198943.0,2022,5,15,1,Unfall mit Schwerverletzten,0.0,7.0,0.0,0.0,0.0,0.0,0.0,0.0,"8,545907023000041","49,492277082999998",,,sonstiger Unfall,Fahrrad,Unfall anderer Art
198585.0,2022,4,14,6,Unfall mit Leichtverletzten,1.0,5.0,0.0,1.0,0.0,0.0,0.0,0.0,"8,469825430000069","49,501417605000000",,,Unfall durch ruhenden Verkehr,"Fahrrad, Pkw",Zusammenstoß mit anfahrendem/ anhaltendem/ ruhendem Fahrzeug
199216.0,2022,4,13,6,Unfall mit Leichtverletzten,1.0,2.0,0.0,1.0,0.0,0.0,0.0,0.0,"8,525557708000060","49,490653422000001",,,Abbiegeunfall,"Fahrrad, Pkw",Zusammenstoß mit anfahrendem/ anhaltendem/ ruhendem Fahrzeug
197305.0,2022,4,6,6,Unfall mit Leichtverletzten,5.0,3.0,0.0,1.0,0.0,0.0,0.0,0.0,"8,481485259000070","49,527860169000100",,,Einbiegen / Kreuzen-Unfall,"Fahrrad, Pkw",Zusammenstoß mit einbiegendem / kreuzendem Fahrzeug
197826.0,2022,4,16,5,Unfall mit Leichtverletzten,1.0,5.0,0.0,1.0,0.0,0.0,0.0,0.0,"8,497422160000040","49,453509017000002",,,Unfall durch ruhenden Verkehr,"Fahrrad, Pkw",Zusammenstoß mit anfahrendem/ anhaltendem/ ruhendem Fahrzeug
197616.0,2022,4,15,5,Unfall mit Leichtverletzten,8.0,1.0,0.0,0.0,0.0,0.0,0.0,0.0,"8,456916313000020","49,491533205000103",,,Fahrunfall,Fahrrad,Abkommen von Fahrbahn nach rechts
198133.0,2022,4,13,5,Unfall mit Leichtverletzten,0.0,7.0,0.0,1.0,0.0,0.0,0.0,0.0,"8,471284746000039","49,479364832999998",,,sonstiger Unfall,"Fahrrad, Pkw",Unfall anderer Art
197386.0,2022,4,11,5,Unfall mit Leichtverletzten,0.0,1.0,0.0,0.0,0.0,0.0,0.0,0.0,"8,490808563000030","49,530899521999999",,,Fahrunfall,Fahrrad,Unfall anderer Art
198569.0,2022,4,8,5,Unfall mit Schwerverletzten,9.0,1.0,0.0,0.0,0.0,0.0,0.0,0.0,"8,492145840000029","49,506756908000099",,,Fahrunfall,Fahrrad,Abkommen von Fahrbahn nach links
198221.0,2022,4,6,5,Unfall mit Schwerverletzten,5.0,3.0,0.0,0.0,0.0,0.0,0.0,1.0,"8,449453273000071","49,540712143000100",,,Einbiegen / Kreuzen-Unfall,"Fahrrad, Tram/Bus (bis 2017 auch LKW)",Zusammenstoß mit einbiegendem / kreuzendem Fahrzeug
198329.0,2022,4,16,4,Unfall mit Leichtverletzten,5.0,2.0,0.0,0.0,0.0,1.0,0.0,0.0,"8,473698805000030","49,483763978000098",,,Abbiegeunfall,"Fahrrad, Kraftrad",Zusammenstoß mit einbiegendem / kreuzendem Fahrzeug
197501.0,2022,4,15,4,Unfall mit Leichtverletzten,5.0,3.0,0.0,1.0,0.0,0.0,0.0,0.0,"8,490729840000030","49,483060197000000",,,Einbiegen / Kreuzen-Unfall,"Fahrrad, Pkw",Zusammenstoß mit einbiegendem / kreuzendem Fahrzeug
198063.0,2022,4,12,4,Unfall mit Leichtverletzten,5.0,3.0,0.0,1.0,0.0,0.0,0.0,0.0,"8,477279838000070","49,454001750000003",,,Einbiegen / Kreuzen-Unfall,"Fahrrad, Pkw",Zusammenstoß mit einbiegendem / kreuzendem Fahrzeug
199142.0,2022,4,10,4,Unfall mit Leichtverletzten,5.0,3.0,0.0,0.0,0.0,0.0,0.0,0.0,"8,458061786000030","49,491661213999997",,,Einbiegen / Kreuzen-Unfall,Fahrrad,Zusammenstoß mit einbiegendem / kreuzendem Fahrzeug
82744.0,2022,4,15,3,Unfall mit Leichtverletzten,5.0,2.0,0.0,1.0,0.0,0.0,0.0,0.0,"8,487164640000060","49,475115710000097",,,Abbiegeunfall,"Fahrrad, Pkw",Zusammenstoß mit einbiegendem / kreuzendem Fahrzeug
197503.0,2022,4,15,3,Unfall mit Leichtverletzten,5.0,3.0,0.0,1.0,0.0,0.0,0.0,0.0,"8,478665098000020","49,497958699999998",,,Einbiegen / Kreuzen-Unfall,"Fahrrad, Pkw",Zusammenstoß mit einbiegendem / kreuzendem Fahrzeug
197991.0,2022,4,15,3,Unfall mit Leichtverletzten,5.0,3.0,0.0,1.0,0.0,0.0,0.0,0.0,"8,445810679000029","49,544198822000098",,,Einbiegen / Kreuzen-Unfall,"Fahrrad, Pkw",Zusammenstoß mit einbiegendem / kreuzendem Fahrzeug
198572.0,2022,4,7,3,Unfall mit Leichtverletzten,0.0,1.0,0.0,0.0,0.0,0.0,0.0,0.0,"8,469820340000069","49,496599764000102",,,Fahrunfall,Fahrrad,Unfall anderer Art
82358.0,2022,4,13,2,Unfall mit Leichtverletzten,1.0,3.0,0.0,1.0,0.0,0.0,0.0,0.0,"8,493706797000071","49,500873189000103",,,Einbiegen / Kreuzen-Unfall,"Fahrrad, Pkw",Zusammenstoß mit anfahrendem/ anhaltendem/ ruhendem Fahrzeug
198274.0,2022,4,7,2,Unfall mit Leichtverletzten,0.0,7.0,0.0,0.0,0.0,0.0,0.0,0.0,"8,505171601000029","49,443302922000001",,,sonstiger Unfall,Fahrrad,Unfall anderer Art
197619.0,2022,4,20,1,Unfall mit Leichtverletzten,0.0,1.0,0.0,0.0,0.0,0.0,0.0,0.0,"8,478950492000020","49,482898392999999",,,Fahrunfall,Fahrrad,Unfall anderer Art
197579.0,2022,4,17,1,Unfall mit Leichtverletzten,5.0,2.0,0.0,1.0,0.0,0.0,0.0,0.0,"8,476368359000050","49,484687187000098",,,Abbiegeunfall,"Fahrrad, Pkw",Zusammenstoß mit einbiegendem / kreuzendem Fahrzeug
197369.0,2022,4,14,1,Unfall mit Leichtverletzten,1.0,6.0,0.0,1.0,0.0,0.0,0.0,0.0,"8,478504643000059","49,477611232000100",,,Unfall im Längsverkehr,"Fahrrad, Pkw",Zusammenstoß mit anfahrendem/ anhaltendem/ ruhendem Fahrzeug
197567.0,2022,4,0,1,Unfall mit Leichtverletzten,1.0,5.0,2.0,1.0,0.0,0.0,0.0,0.0,"8,468867579000060","49,487561678000098",,,Unfall durch ruhenden Verkehr,"Fahrrad, Pkw",Zusammenstoß mit anfahrendem/ anhaltendem/ ruhendem Fahrzeug
197182.0,2022,3,15,7,Unfall mit Leichtverletzten,1.0,5.0,0.0,1.0,0.0,0.0,0.0,0.0,"8,447139895000021","49,542636527000099",,,Unfall durch ruhenden Verkehr,"Fahrrad, Pkw",Zusammenstoß mit anfahrendem/ anhaltendem/ ruhendem Fahrzeug
196617.0,2022,3,12,7,Unfall mit Leichtverletzten,0.0,4.0,0.0,0.0,1.0,0.0,0.0,0.0,"8,537287539000030","49,454557047000002",,,Überschreiten-Unfall,"Fahrrad, Fußgänger",Unfall anderer Art
196869.0,2022,3,12,7,Unfall mit Leichtverletzten,5.0,3.0,0.0,0.0,0.0,1.0,0.0,0.0,"8,471702742000049","49,492629690999998",,,Einbiegen / Kreuzen-Unfall,"Fahrrad, Kraftrad",Zusammenstoß mit einbiegendem / kreuzendem Fahrzeug
196422.0,2022,3,11,7,Unfall mit Leichtverletzten,3.0,5.0,0.0,1.0,0.0,0.0,0.0,0.0,"8,467526199000080","49,490456854000101",,,Unfall durch ruhenden Verkehr,"Fahrrad, Pkw",Zusammenstoß mit seitlich in gleicher Richtung fahrendem Fahrzeug
196457.0,2022,3,11,7,Unfall mit Schwerverletzten,0.0,5.0,0.0,1.0,0.0,0.0,0.0,0.0,"8,475203466000041","49,496604828000002",,,Unfall durch ruhenden Verkehr,"Fahrrad, Pkw",Unfall anderer Art
198105.0,2022,3,11,7,Unfall mit Leichtverletzten,5.0,3.0,0.0,1.0,0.0,0.0,0.0,0.0,"8,486316307000040","49,474362188999997",,,Einbiegen / Kreuzen-Unfall,"Fahrrad, Pkw",Zusammenstoß mit einbiegendem / kreuzendem Fahrzeug
196694.0,2022,3,15,6,Unfall mit Leichtverletzten,0.0,1.0,0.0,0.0,0.0,0.0,0.0,0.0,"8,496184929000041","49,503868662999999",,,Fahrunfall,Fahrrad,Unfall anderer Art
197010.0,2022,3,12,6,Unfall mit Leichtverletzten,3.0,6.0,0.0,0.0,0.0,0.0,0.0,0.0,"8,488376631000049","49,500290829999997",,,Unfall im Längsverkehr,Fahrrad,Zusammenstoß mit seitlich in gleicher Richtung fahrendem Fahrzeug
197622.0,2022,3,6,6,Unfall mit Leichtverletzten,5.0,3.0,0.0,1.0,0.0,0.0,0.0,0.0,"8,552567859000019","49,468951023000002",,,Einbiegen / Kreuzen-Unfall,"Fahrrad, Pkw",Zusammenstoß mit einbiegendem / kreuzendem Fahrzeug
196224.0,2022,3,16,5,Unfall mit Leichtverletzten,0.0,7.0,0.0,0.0,0.0,0.0,0.0,0.0,"8,479494039000031","49,497858237999999",,,sonstiger Unfall,Fahrrad,Unfall anderer Art
197778.0,2022,3,16,5,Unfall mit Schwerverletzten,4.0,7.0,0.0,1.0,0.0,0.0,0.0,0.0,"8,483196368000050","49,479851861000000",,,sonstiger Unfall,"Fahrrad, Pkw",Zusammenstoß mit entgegenkommendem Fahrzeug
196736.0,2022,3,8,5,Unfall mit Leichtverletzten,4.0,2.0,0.0,1.0,0.0,0.0,0.0,0.0,"8,478063983000030","49,489966279000001",,,Abbiegeunfall,"Fahrrad, Pkw",Zusammenstoß mit entgegenkommendem Fahrzeug
81862.0,2022,3,5,5,Unfall mit Leichtverletzten,5.0,2.0,2.0,1.0,0.0,0.0,0.0,0.0,"8,496412217000060","49,502315510000102",,,Abbiegeunfall,"Fahrrad, Pkw",Zusammenstoß mit einbiegendem / kreuzendem Fahrzeug
196861.0,2022,3,17,4,Unfall mit Leichtverletzten,0.0,1.0,0.0,0.0,0.0,0.0,0.0,0.0,"8,464005105000069","49,475182946000103",,,Fahrunfall,Fahrrad,Unfall anderer Art
196951.0,2022,3,15,4,Unfall mit Leichtverletzten,0.0,1.0,0.0,0.0,0.0,0.0,0.0,0.0,"8,487265720000041","49,455324760000103",,,Fahrunfall,Fahrrad,Unfall anderer Art
196411.0,2022,3,13,4,Unfall mit Leichtverletzten,5.0,3.0,0.0,1.0,0.0,0.0,0.0,0.0,"8,488098570000030","49,529047290000101",,,Einbiegen / Kreuzen-Unfall,"Fahrrad, Pkw",Zusammenstoß mit einbiegendem / kreuzendem Fahrzeug
196904.0,2022,3,13,4,Unfall mit Leichtverletzten,5.0,3.0,0.0,1.0,0.0,0.0,0.0,0.0,"8,470894243000030","49,501994693000000",,,Einbiegen / Kreuzen-Unfall,"Fahrrad, Pkw",Zusammenstoß mit einbiegendem / kreuzendem Fahrzeug
82144.0,2022,3,9,4,Unfall mit Leichtverletzten,3.0,3.0,0.0,1.0,0.0,0.0,0.0,0.0,"8,477829982000060","49,476473382000101",,,Einbiegen / Kreuzen-Unfall,"Fahrrad, Pkw",Zusammenstoß mit seitlich in gleicher Richtung fahrendem Fahrzeug
196635.0,2022,3,18,3,Unfall mit Leichtverletzten,3.0,2.0,0.0,1.0,0.0,0.0,0.0,0.0,"8,469328981000050","49,487448295000000",,,Abbiegeunfall,"Fahrrad, Pkw",Zusammenstoß mit seitlich in gleicher Richtung fahrendem Fahrzeug
197183.0,2022,3,17,3,Unfall mit Leichtverletzten,1.0,5.0,0.0,1.0,0.0,0.0,0.0,0.0,"8,481418745000040","49,475023675999999",,,Unfall durch ruhenden Verkehr,"Fahrrad, Pkw",Zusammenstoß mit anfahrendem/ anhaltendem/ ruhendem Fahrzeug
197062.0,2022,3,15,3,Unfall mit Leichtverletzten,5.0,3.0,0.0,0.0,0.0,0.0,0.0,1.0,"8,484941174000030","49,484451708000101",,,Einbiegen / Kreuzen-Unfall,"Fahrrad, Tram/Bus (bis 2017 auch LKW)",Zusammenstoß mit einbiegendem / kreuzendem Fahrzeug
196886.0,2022,3,9,3,Unfall mit Leichtverletzten,5.0,3.0,0.0,1.0,0.0,0.0,0.0,0.0,"8,481086240000019","49,539125480999999",,,Einbiegen / Kreuzen-Unfall,"Fahrrad, Pkw",Zusammenstoß mit einbiegendem / kreuzendem Fahrzeug
82919.0,2022,3,8,3,Unfall mit Leichtverletzten,0.0,1.0,0.0,0.0,0.0,0.0,0.0,0.0,"8,498052693000030","49,503226606000098",,,Fahrunfall,Fahrrad,Unfall anderer Art
82344.0,2022,3,18,2,Unfall mit Schwerverletzten,5.0,3.0,0.0,1.0,0.0,0.0,0.0,0.0,"8,475398605000070","49,485184758000102",,,Einbiegen / Kreuzen-Unfall,"Fahrrad, Pkw",Zusammenstoß mit einbiegendem / kreuzendem Fahrzeug
82749.0,2022,3,16,2,Unfall mit Leichtverletzten,1.0,5.0,0.0,1.0,0.0,0.0,0.0,0.0,"8,527064862000030","49,433750217000103",,,Unfall durch ruhenden Verkehr,"Fahrrad, Pkw",Zusammenstoß mit anfahrendem/ anhaltendem/ ruhendem Fahrzeug
196768.0,2022,3,15,2,Unfall mit Leichtverletzten,5.0,3.0,0.0,1.0,0.0,0.0,0.0,0.0,"8,491942728000030","49,515432828000002",,,Einbiegen / Kreuzen-Unfall,"Fahrrad, Pkw",Zusammenstoß mit einbiegendem / kreuzendem Fahrzeug
197244.0,2022,3,17,1,Unfall mit Leichtverletzten,0.0,6.0,0.0,1.0,0.0,0.0,0.0,0.0,"8,470498479000071","49,483761481000002",,,Unfall im Längsverkehr,"Fahrrad, Pkw",Unfall anderer Art
197445.0,2022,3,16,1,Unfall mit Leichtverletzten,5.0,3.0,0.0,1.0,0.0,0.0,0.0,0.0,"8,484308016000060","49,468127772999999",,,Einbiegen / Kreuzen-Unfall,"Fahrrad, Pkw",Zusammenstoß mit einbiegendem / kreuzendem Fahrzeug
196497.0,2022,3,12,1,Unfall mit Leichtverletzten,3.0,5.0,0.0,1.0,0.0,0.0,0.0,0.0,"8,470346255000040","49,508638881000103",,,Unfall durch ruhenden Verkehr,"Fahrrad, Pkw",Zusammenstoß mit seitlich in gleicher Richtung fahrendem Fahrzeug
82729.0,2022,3,9,1,Unfall mit Leichtverletzten,5.0,3.0,0.0,1.0,0.0,0.0,0.0,0.0,"8,465017532000051","49,481909784999999",,,Einbiegen / Kreuzen-Unfall,"Fahrrad, Pkw",Zusammenstoß mit einbiegendem / kreuzendem Fahrzeug
195598.0,2022,2,11,7,Unfall mit Leichtverletzten,4.0,2.0,0.0,1.0,0.0,0.0,0.0,0.0,"8,457183073000071","49,551392984000103",,,Abbiegeunfall,"Fahrrad, Pkw",Zusammenstoß mit entgegenkommendem Fahrzeug
196525.0,2022,2,10,6,Unfall mit Leichtverletzten,3.0,2.0,0.0,0.0,0.0,0.0,1.0,0.0,"8,455700853000049","49,486980947000099",,,Abbiegeunfall,"Fahrrad, LKW",Zusammenstoß mit seitlich in gleicher Richtung fahrendem Fahrzeug
196010.0,2022,2,20,5,Unfall mit Leichtverletzten,1.0,5.0,2.0,1.0,0.0,0.0,0.0,0.0,"8,485973191000030","49,525773729000001",,,Unfall durch ruhenden Verkehr,"Fahrrad, Pkw",Zusammenstoß mit anfahrendem/ anhaltendem/ ruhendem Fahrzeug
195341.0,2022,2,17,4,Unfall mit Leichtverletzten,0.0,3.0,0.0,1.0,0.0,0.0,0.0,0.0,"8,525305993000069","49,473669262000001",,,Einbiegen / Kreuzen-Unfall,"Fahrrad, Pkw",Unfall anderer Art
196626.0,2022,2,17,4,Unfall mit Leichtverletzten,5.0,2.0,0.0,1.0,0.0,0.0,0.0,0.0,"8,489413261000040","49,495752391000103",,,Abbiegeunfall,"Fahrrad, Pkw",Zusammenstoß mit einbiegendem / kreuzendem Fahrzeug
80758.0,2022,2,11,4,Unfall mit Leichtverletzten,5.0,3.0,0.0,1.0,0.0,0.0,0.0,0.0,"8,512232826000060","49,489004934999997",,,Einbiegen / Kreuzen-Unfall,"Fahrrad, Pkw",Zusammenstoß mit einbiegendem / kreuzendem Fahrzeug
79567.0,2022,2,18,2,Unfall mit Leichtverletzten,5.0,3.0,2.0,1.0,0.0,0.0,0.0,0.0,"8,488190152000071","49,497594718000101",,,Einbiegen / Kreuzen-Unfall,"Fahrrad, Pkw",Zusammenstoß mit einbiegendem / kreuzendem Fahrzeug
80821.0,2022,2,18,2,Unfall mit Leichtverletzten,5.0,3.0,1.0,1.0,0.0,0.0,0.0,0.0,"8,488198152000050","49,497603998000002",,,Einbiegen / Kreuzen-Unfall,"Fahrrad, Pkw",Zusammenstoß mit einbiegendem / kreuzendem Fahrzeug
195665.0,2022,2,17,2,Unfall mit Leichtverletzten,4.0,2.0,1.0,1.0,0.0,0.0,0.0,0.0,"8,502657061000040","49,449205792000001",,,Abbiegeunfall,"Fahrrad, Pkw",Zusammenstoß mit entgegenkommendem Fahrzeug
197204.0,2022,2,15,2,Unfall mit Leichtverletzten,5.0,3.0,0.0,1.0,0.0,0.0,0.0,0.0,"8,537091247000030","49,483856578000001",,,Einbiegen / Kreuzen-Unfall,"Fahrrad, Pkw",Zusammenstoß mit einbiegendem / kreuzendem Fahrzeug
80121.0,2022,1,21,7,Unfall mit Schwerverletzten,5.0,3.0,2.0,1.0,0.0,0.0,0.0,0.0,"8,524465674000060","49,440117991000101",,,Einbiegen / Kreuzen-Unfall,"Fahrrad, Pkw",Zusammenstoß mit einbiegendem / kreuzendem Fahrzeug
195521.0,2022,1,18,7,Unfall mit Leichtverletzten,2.0,6.0,2.0,1.0,0.0,0.0,0.0,0.0,"8,470835591000030","49,490911031000103",,,Unfall im Längsverkehr,"Fahrrad, Pkw",Zusammenstoß mit vorausfahrendem / wartendem Fahrzeug
195591.0,2022,1,14,7,Unfall mit Leichtverletzten,6.0,4.0,0.0,0.0,1.0,0.0,0.0,0.0,"8,496637694000070","49,530656470000103",,,Überschreiten-Unfall,"Fahrrad, Fußgänger",Zusammenstoß zwischen Fahrzeug und Fußgänger
195746.0,2022,1,13,7,Unfall mit Leichtverletzten,5.0,3.0,0.0,1.0,0.0,0.0,0.0,0.0,"8,493767621000069","49,456395645000001",,,Einbiegen / Kreuzen-Unfall,"Fahrrad, Pkw",Zusammenstoß mit einbiegendem / kreuzendem Fahrzeug
195552.0,2022,1,7,7,Unfall mit Schwerverletzten,4.0,2.0,0.0,1.0,0.0,0.0,0.0,0.0,"8,490138813000041","49,478316237000101",,,Abbiegeunfall,"Fahrrad, Pkw",Zusammenstoß mit entgegenkommendem Fahrzeug
195173.0,2022,1,15,6,Unfall mit Leichtverletzten,5.0,3.0,0.0,1.0,0.0,0.0,0.0,0.0,"8,546556763000069","49,496538348999998",,,Einbiegen / Kreuzen-Unfall,"Fahrrad, Pkw",Zusammenstoß mit einbiegendem / kreuzendem Fahrzeug
195860.0,2022,1,13,6,Unfall mit Leichtverletzten,1.0,3.0,0.0,0.0,0.0,0.0,0.0,1.0,"8,503488124000061","49,503056164000000",,,Einbiegen / Kreuzen-Unfall,"Fahrrad, Tram/Bus (bis 2017 auch LKW)",Zusammenstoß mit anfahrendem/ anhaltendem/ ruhendem Fahrzeug
79002.0,2022,1,18,5,Unfall mit Leichtverletzten,5.0,3.0,2.0,1.0,0.0,0.0,0.0,0.0,"8,490124918000051","49,528168229000102",,,Einbiegen / Kreuzen-Unfall,"Fahrrad, Pkw",Zusammenstoß mit einbiegendem / kreuzendem Fahrzeug
79719.0,2022,1,15,5,Unfall mit Leichtverletzten,5.0,3.0,0.0,1.0,0.0,0.0,0.0,0.0,"8,485775671000059","49,495283490000098",,,Einbiegen / Kreuzen-Unfall,"Fahrrad, Pkw",Zusammenstoß mit einbiegendem / kreuzendem Fahrzeug
195595.0,2022,1,8,5,Unfall mit Leichtverletzten,5.0,3.0,0.0,1.0,0.0,0.0,0.0,0.0,"8,482049361000071","49,478904714000102",,,Einbiegen / Kreuzen-Unfall,"Fahrrad, Pkw",Zusammenstoß mit einbiegendem / kreuzendem Fahrzeug
195546.0,2022,1,17,4,Unfall mit Leichtverletzten,4.0,6.0,2.0,0.0,0.0,0.0,0.0,0.0,"8,482077070000059","49,523454884000003",,,Unfall im Längsverkehr,Fahrrad,Zusammenstoß mit entgegenkommendem Fahrzeug
195722.0,2022,1,17,4,Unfall mit Leichtverletzten,5.0,5.0,1.0,1.0,0.0,0.0,0.0,0.0,"8,489604338000049","49,505398238000097",,,Unfall durch ruhenden Verkehr,"Fahrrad, Pkw",Zusammenstoß mit einbiegendem / kreuzendem Fahrzeug
195600.0,2022,1,16,3,Unfall mit Leichtverletzten,0.0,7.0,0.0,0.0,0.0,0.0,0.0,0.0,"8,471552820000060","49,472273821999998",,,sonstiger Unfall,Fahrrad,Unfall anderer Art
195867.0,2022,1,15,2,Unfall mit Leichtverletzten,5.0,3.0,0.0,1.0,0.0,0.0,0.0,0.0,"8,447268538000060","49,541668496000099",,,Einbiegen / Kreuzen-Unfall,"Fahrrad, Pkw",Zusammenstoß mit einbiegendem / kreuzendem Fahrzeug
196145.0,2022,1,10,2,Unfall mit Leichtverletzten,3.0,6.0,0.0,1.0,0.0,0.0,0.0,0.0,"8,468761358000050","49,491789834000002",,,Unfall im Längsverkehr,"Fahrrad, Pkw",Zusammenstoß mit seitlich in gleicher Richtung fahrendem Fahrzeug