OBJECTID,UJAHR,UMONAT,USTUNDE,UWOCHENTAG,UKATEGORIE,UART,UTYP1,ULICHTVERH,IstPKW,IstFuss,IstKrad,IstGkfz,IstSonstige,XGCSWGS84,YGCSWGS84,Kommentar,Stadtteil,typ,involved,art
78210.0,2022,1,17,1,Unfall mit Leichtverletzten,7.0,1.0,2.0,0.0,0.0,0.0,0.0,0.0,"8,495249827000070","49,479229061000098",,,Fahrunfall,Fahrrad,Aufprall auf Fahrbahnhindernis
189724.0,2021,12,19,6,Unfall mit Leichtverletzten,5.0,3.0,2.0,1.0,0.0,0.0,0.0,0.0,"8,478507788000059","49,497799293000071",,,Einbiegen / Kreuzen-Unfall,"Fahrrad, Pkw",Zusammenstoß mit einbiegendem / kreuzendem Fahrzeug
189358.0,2021,12,17,6,Unfall mit Leichtverletzten,5.0,2.0,2.0,1.0,0.0,0.0,0.0,0.0,"8,477646417000074","49,484170537000068",,,Abbiegeunfall,"Fahrrad, Pkw",Zusammenstoß mit einbiegendem / kreuzendem Fahrzeug
189948.0,2021,12,17,6,Unfall mit Leichtverletzten,5.0,3.0,2.0,1.0,0.0,0.0,0.0,0.0,"8,459150692000037","49,492409500000065",,,Einbiegen / Kreuzen-Unfall,"Fahrrad, Pkw",Zusammenstoß mit einbiegendem / kreuzendem Fahrzeug
189824.0,2021,12,16,6,Unfall mit Leichtverletzten,5.0,3.0,2.0,1.0,0.0,0.0,0.0,0.0,"8,485654115000045","49,476507192000042",,,Einbiegen / Kreuzen-Unfall,"Fahrrad, Pkw",Zusammenstoß mit einbiegendem / kreuzendem Fahrzeug
188994.0,2021,12,15,6,Unfall mit Leichtverletzten,3.0,2.0,0.0,0.0,0.0,0.0,0.0,0.0,"8,495032219000052","49,452843436000080",,,Abbiegeunfall,Fahrrad,Zusammenstoß mit seitlich in gleicher Richtung fahrendem Fahrzeug
188981.0,2021,12,11,6,Unfall mit Leichtverletzten,0.0,3.0,0.0,1.0,0.0,0.0,0.0,0.0,"8,478517098000054","49,460279131000050",,,Einbiegen / Kreuzen-Unfall,"Fahrrad, Pkw",Unfall anderer Art
189939.0,2021,12,10,6,Unfall mit Leichtverletzten,3.0,6.0,0.0,1.0,0.0,0.0,0.0,0.0,"8,468194533000030","49,504097242000057",,,Unfall im Längsverkehr,"Fahrrad, Pkw",Zusammenstoß mit seitlich in gleicher Richtung fahrendem Fahrzeug
86231.0,2021,12,11,5,Unfall mit Leichtverletzten,1.0,5.0,0.0,1.0,0.0,0.0,0.0,0.0,"8,480272485000057","49,489247457000033",,,Unfall durch ruhenden Verkehr,"Fahrrad, Pkw",Zusammenstoß mit anfahrendem/ anhaltendem/ ruhendem Fahrzeug
190513.0,2021,12,10,5,Unfall mit Leichtverletzten,1.0,7.0,0.0,1.0,0.0,0.0,0.0,0.0,"8,473241014000052","49,481535409000060",,,sonstiger Unfall,"Fahrrad, Pkw",Zusammenstoß mit anfahrendem/ anhaltendem/ ruhendem Fahrzeug
190184.0,2021,12,7,5,Unfall mit Leichtverletzten,5.0,3.0,2.0,1.0,0.0,0.0,0.0,0.0,"8,477595871000062","49,484279249000053",,,Einbiegen / Kreuzen-Unfall,"Fahrrad, Pkw",Zusammenstoß mit einbiegendem / kreuzendem Fahrzeug
189945.0,2021,12,15,4,Unfall mit Schwerverletzten,5.0,3.0,0.0,1.0,0.0,0.0,0.0,0.0,"8,462508259000060","49,478727129000049",,,Einbiegen / Kreuzen-Unfall,"Fahrrad, Pkw",Zusammenstoß mit einbiegendem / kreuzendem Fahrzeug
189427.0,2021,12,12,4,Unfall mit Leichtverletzten,5.0,3.0,0.0,1.0,0.0,0.0,0.0,0.0,"8,473045063000029","49,472633311000038",,,Einbiegen / Kreuzen-Unfall,"Fahrrad, Pkw",Zusammenstoß mit einbiegendem / kreuzendem Fahrzeug
189322.0,2021,12,19,2,Unfall mit Schwerverletzten,0.0,6.0,2.0,1.0,0.0,0.0,0.0,0.0,"8,512734847000047","49,534723149000058",,,Unfall im Längsverkehr,"Fahrrad, Pkw",Unfall anderer Art
189845.0,2021,12,18,2,Unfall mit Leichtverletzten,1.0,5.0,2.0,1.0,0.0,0.0,0.0,0.0,"8,466157468000063","49,488977735000049",,,Unfall durch ruhenden Verkehr,"Fahrrad, Pkw",Zusammenstoß mit anfahrendem/ anhaltendem/ ruhendem Fahrzeug
190893.0,2021,12,14,2,Unfall mit Leichtverletzten,3.0,2.0,0.0,1.0,0.0,0.0,0.0,0.0,"8,501598290000061","49,504376363000063",,,Abbiegeunfall,"Fahrrad, Pkw",Zusammenstoß mit seitlich in gleicher Richtung fahrendem Fahrzeug
189706.0,2021,12,12,2,Unfall mit Leichtverletzten,0.0,1.0,0.0,0.0,0.0,0.0,0.0,0.0,"8,507800272000054","49,486579699000060",,,Fahrunfall,Fahrrad,Unfall anderer Art
189009.0,2021,12,11,2,Unfall mit Schwerverletzten,5.0,3.0,0.0,0.0,0.0,0.0,1.0,0.0,"8,556443953000041","49,516614064000066",,,Einbiegen / Kreuzen-Unfall,"Fahrrad, LKW",Zusammenstoß mit einbiegendem / kreuzendem Fahrzeug
189890.0,2021,12,9,2,Unfall mit Leichtverletzten,0.0,1.0,0.0,0.0,0.0,0.0,0.0,0.0,"8,517777440000032","49,430143311000052",,,Fahrunfall,Fahrrad,Unfall anderer Art
190003.0,2021,12,14,1,Unfall mit Leichtverletzten,5.0,3.0,0.0,1.0,0.0,0.0,0.0,0.0,"8,483725439000068","49,469834298000080",,,Einbiegen / Kreuzen-Unfall,"Fahrrad, Pkw",Zusammenstoß mit einbiegendem / kreuzendem Fahrzeug
188424.0,2021,11,19,7,Unfall mit Schwerverletzten,5.0,3.0,2.0,1.0,0.0,0.0,0.0,0.0,"8,449955834000036","49,549663982000027",,,Einbiegen / Kreuzen-Unfall,"Fahrrad, Pkw",Zusammenstoß mit einbiegendem / kreuzendem Fahrzeug
189894.0,2021,11,12,7,Unfall mit Leichtverletzten,5.0,3.0,0.0,1.0,0.0,0.0,0.0,0.0,"8,524391086000037","49,434812175000047",,,Einbiegen / Kreuzen-Unfall,"Fahrrad, Pkw",Zusammenstoß mit einbiegendem / kreuzendem Fahrzeug
189941.0,2021,11,21,6,Unfall mit Leichtverletzten,0.0,5.0,2.0,1.0,0.0,0.0,0.0,0.0,"8,464155061000042","49,494056287000035",,,Unfall durch ruhenden Verkehr,"Fahrrad, Pkw",Unfall anderer Art
86845.0,2021,11,19,6,Unfall mit Leichtverletzten,5.0,3.0,2.0,1.0,0.0,0.0,0.0,0.0,"8,482154528000024","49,524880983000060",,,Einbiegen / Kreuzen-Unfall,"Fahrrad, Pkw",Zusammenstoß mit einbiegendem / kreuzendem Fahrzeug
86101.0,2021,11,13,6,Unfall mit Leichtverletzten,0.0,3.0,0.0,1.0,0.0,0.0,0.0,0.0,"8,499929394000048","49,524585586000057",,,Einbiegen / Kreuzen-Unfall,"Fahrrad, Pkw",Unfall anderer Art
85717.0,2021,11,11,6,Unfall mit Leichtverletzten,5.0,2.0,0.0,1.0,0.0,0.0,0.0,0.0,"8,484023206000074","49,473964247000026",,,Abbiegeunfall,"Fahrrad, Pkw",Zusammenstoß mit einbiegendem / kreuzendem Fahrzeug
188570.0,2021,11,8,6,Unfall mit Leichtverletzten,0.0,7.0,0.0,0.0,0.0,0.0,0.0,0.0,"8,470834066000066","49,552509083000075",,,sonstiger Unfall,Fahrrad,Unfall anderer Art
187949.0,2021,11,14,5,Unfall mit Schwerverletzten,3.0,5.0,0.0,1.0,0.0,0.0,0.0,0.0,"8,485682757000063","49,523630671000035",,,Unfall durch ruhenden Verkehr,"Fahrrad, Pkw",Zusammenstoß mit seitlich in gleicher Richtung fahrendem Fahrzeug
189842.0,2021,11,9,5,Unfall mit Leichtverletzten,5.0,3.0,0.0,1.0,0.0,0.0,0.0,0.0,"8,529927889000021","49,510152450000078",,,Einbiegen / Kreuzen-Unfall,"Fahrrad, Pkw",Zusammenstoß mit einbiegendem / kreuzendem Fahrzeug
189238.0,2021,11,7,5,Unfall mit Leichtverletzten,5.0,3.0,0.0,1.0,0.0,0.0,0.0,0.0,"8,476310856000055","49,488716830000044",,,Einbiegen / Kreuzen-Unfall,"Fahrrad, Pkw",Zusammenstoß mit einbiegendem / kreuzendem Fahrzeug
189861.0,2021,11,16,4,Unfall mit Leichtverletzten,5.0,3.0,1.0,1.0,0.0,0.0,0.0,0.0,"8,497520112000075","49,497680417000026",,,Einbiegen / Kreuzen-Unfall,"Fahrrad, Pkw",Zusammenstoß mit einbiegendem / kreuzendem Fahrzeug
189080.0,2021,11,13,4,Unfall mit Leichtverletzten,6.0,4.0,0.0,0.0,1.0,0.0,0.0,0.0,"8,485980750000067","49,477674754000077",,,Überschreiten-Unfall,"Fahrrad, Fußgänger",Zusammenstoß zwischen Fahrzeug und Fußgänger
188117.0,2021,11,12,4,Unfall mit Leichtverletzten,5.0,2.0,0.0,1.0,0.0,0.0,0.0,0.0,"8,488142265000022","49,463572422000027",,,Abbiegeunfall,"Fahrrad, Pkw",Zusammenstoß mit einbiegendem / kreuzendem Fahrzeug
188411.0,2021,11,12,4,Unfall mit Leichtverletzten,5.0,3.0,0.0,1.0,0.0,0.0,0.0,0.0,"8,485152388000074","49,524368249000077",,,Einbiegen / Kreuzen-Unfall,"Fahrrad, Pkw",Zusammenstoß mit einbiegendem / kreuzendem Fahrzeug
189674.0,2021,11,7,4,Unfall mit Leichtverletzten,5.0,3.0,0.0,0.0,0.0,0.0,0.0,1.0,"8,483162343000060","49,479899074000059",,,Einbiegen / Kreuzen-Unfall,"Fahrrad, Tram/Bus (bis 2017 auch LKW)",Zusammenstoß mit einbiegendem / kreuzendem Fahrzeug
189785.0,2021,11,17,3,Unfall mit Leichtverletzten,5.0,3.0,2.0,1.0,0.0,0.0,0.0,0.0,"8,491424027000051","49,477703203000033",,,Einbiegen / Kreuzen-Unfall,"Fahrrad, Pkw",Zusammenstoß mit einbiegendem / kreuzendem Fahrzeug
188805.0,2021,11,16,3,Unfall mit Leichtverletzten,3.0,6.0,0.0,0.0,0.0,0.0,0.0,1.0,"8,471895316000030","49,498914671000080",,,Unfall im Längsverkehr,"Fahrrad, Tram/Bus (bis 2017 auch LKW)",Zusammenstoß mit seitlich in gleicher Richtung fahrendem Fahrzeug
188708.0,2021,11,15,3,Unfall mit Leichtverletzten,5.0,2.0,0.0,1.0,0.0,0.0,0.0,0.0,"8,533654928000033","49,484057134000068",,,Abbiegeunfall,"Fahrrad, Pkw",Zusammenstoß mit einbiegendem / kreuzendem Fahrzeug
188174.0,2021,11,14,3,Unfall mit Leichtverletzten,0.0,7.0,0.0,0.0,0.0,0.0,0.0,0.0,"8,478657938000026","49,480531909000035",,,sonstiger Unfall,Fahrrad,Unfall anderer Art
189480.0,2021,11,7,3,Unfall mit Leichtverletzten,5.0,3.0,1.0,1.0,0.0,0.0,0.0,0.0,"8,478507704000037","49,460277078000047",,,Einbiegen / Kreuzen-Unfall,"Fahrrad, Pkw",Zusammenstoß mit einbiegendem / kreuzendem Fahrzeug
87010.0,2021,11,21,2,Unfall mit Leichtverletzten,5.0,3.0,2.0,1.0,0.0,0.0,0.0,0.0,"8,493669446000069","49,500853018000043",,,Einbiegen / Kreuzen-Unfall,"Fahrrad, Pkw",Zusammenstoß mit einbiegendem / kreuzendem Fahrzeug
85534.0,2021,11,17,2,Unfall mit Leichtverletzten,3.0,1.0,1.0,0.0,0.0,0.0,0.0,1.0,"8,489808850000031","49,498988793000080",,,Fahrunfall,"Fahrrad, Tram/Bus (bis 2017 auch LKW)",Zusammenstoß mit seitlich in gleicher Richtung fahrendem Fahrzeug
189145.0,2021,11,15,2,Unfall mit Leichtverletzten,5.0,3.0,0.0,1.0,0.0,0.0,0.0,0.0,"8,482235397000068","49,509601040000064",,,Einbiegen / Kreuzen-Unfall,"Fahrrad, Pkw",Zusammenstoß mit einbiegendem / kreuzendem Fahrzeug
188070.0,2021,11,14,2,Unfall mit Leichtverletzten,0.0,1.0,0.0,0.0,0.0,0.0,0.0,0.0,"8,483817840000029","49,469867788000045",,,Fahrunfall,Fahrrad,Unfall anderer Art
188995.0,2021,11,13,2,Unfall mit Leichtverletzten,5.0,3.0,0.0,1.0,0.0,0.0,0.0,0.0,"8,483729211000025","49,469833151000046",,,Einbiegen / Kreuzen-Unfall,"Fahrrad, Pkw",Zusammenstoß mit einbiegendem / kreuzendem Fahrzeug
189170.0,2021,11,10,2,Unfall mit Leichtverletzten,3.0,5.0,0.0,1.0,0.0,0.0,0.0,0.0,"8,472600424000063","49,499604158000068",,,Unfall durch ruhenden Verkehr,"Fahrrad, Pkw",Zusammenstoß mit seitlich in gleicher Richtung fahrendem Fahrzeug
189656.0,2021,11,18,1,Unfall mit Leichtverletzten,4.0,2.0,2.0,1.0,0.0,0.0,0.0,0.0,"8,567295581000053","49,434883951000074",,,Abbiegeunfall,"Fahrrad, Pkw",Zusammenstoß mit entgegenkommendem Fahrzeug
82814.0,2021,10,15,7,Unfall mit Leichtverletzten,6.0,4.0,0.0,0.0,1.0,0.0,0.0,0.0,"8,497063583000056","49,502877890000036",,,Überschreiten-Unfall,"Fahrrad, Fußgänger",Zusammenstoß zwischen Fahrzeug und Fußgänger
188543.0,2021,10,11,7,Unfall mit Leichtverletzten,0.0,7.0,0.0,0.0,0.0,0.0,0.0,1.0,"8,495333617000028","49,451916348000054",,,sonstiger Unfall,"Fahrrad, Tram/Bus (bis 2017 auch LKW)",Unfall anderer Art
83372.0,2021,10,15,6,Unfall mit Leichtverletzten,5.0,3.0,0.0,1.0,0.0,0.0,0.0,0.0,"8,557192743000030","49,508697758000039",,,Einbiegen / Kreuzen-Unfall,"Fahrrad, Pkw",Zusammenstoß mit einbiegendem / kreuzendem Fahrzeug
188511.0,2021,10,13,6,Unfall mit Leichtverletzten,4.0,2.0,0.0,1.0,0.0,0.0,0.0,0.0,"8,466962258000024","49,472287769000047",,,Abbiegeunfall,"Fahrrad, Pkw",Zusammenstoß mit entgegenkommendem Fahrzeug
186925.0,2021,10,10,6,Unfall mit Leichtverletzten,0.0,3.0,0.0,0.0,0.0,0.0,0.0,0.0,"8,469842111000048","49,489226865000035",,,Einbiegen / Kreuzen-Unfall,Fahrrad,Unfall anderer Art
187149.0,2021,10,20,5,Unfall mit Leichtverletzten,4.0,6.0,2.0,0.0,0.0,0.0,0.0,0.0,"8,482541756000046","49,523511671000051",,,Unfall im Längsverkehr,Fahrrad,Zusammenstoß mit entgegenkommendem Fahrzeug
84701.0,2021,10,17,5,Unfall mit Leichtverletzten,5.0,3.0,0.0,1.0,0.0,0.0,0.0,0.0,"8,487602739000067","49,475366017000056",,,Einbiegen / Kreuzen-Unfall,"Fahrrad, Pkw",Zusammenstoß mit einbiegendem / kreuzendem Fahrzeug
188819.0,2021,10,16,5,Unfall mit Leichtverletzten,5.0,3.0,0.0,1.0,0.0,0.0,0.0,0.0,"8,560128929000030","49,463644710000040",,,Einbiegen / Kreuzen-Unfall,"Fahrrad, Pkw",Zusammenstoß mit einbiegendem / kreuzendem Fahrzeug
188263.0,2021,10,15,5,Unfall mit Leichtverletzten,1.0,5.0,0.0,1.0,0.0,0.0,0.0,0.0,"8,502548170000068","49,466242850000071",,,Unfall durch ruhenden Verkehr,"Fahrrad, Pkw",Zusammenstoß mit anfahrendem/ anhaltendem/ ruhendem Fahrzeug
188609.0,2021,10,14,5,Unfall mit Leichtverletzten,2.0,6.0,0.0,1.0,0.0,0.0,0.0,0.0,"8,457533779000073","49,491929859000038",,,Unfall im Längsverkehr,"Fahrrad, Pkw",Zusammenstoß mit vorausfahrendem / wartendem Fahrzeug
188113.0,2021,10,17,4,Unfall mit Leichtverletzten,4.0,6.0,0.0,0.0,0.0,0.0,0.0,0.0,"8,504942590000041","49,495937200000071",,,Unfall im Längsverkehr,Fahrrad,Zusammenstoß mit entgegenkommendem Fahrzeug
188418.0,2021,10,17,4,Unfall mit Schwerverletzten,2.0,6.0,0.0,1.0,0.0,0.0,0.0,0.0,"8,471973628000057","49,520183510000038",,,Unfall im Längsverkehr,"Fahrrad, Pkw",Zusammenstoß mit vorausfahrendem / wartendem Fahrzeug
187360.0,2021,10,11,4,Unfall mit Leichtverletzten,5.0,3.0,0.0,1.0,0.0,0.0,0.0,0.0,"8,467919574000064","49,483630141000049",,,Einbiegen / Kreuzen-Unfall,"Fahrrad, Pkw",Zusammenstoß mit einbiegendem / kreuzendem Fahrzeug
188722.0,2021,10,18,3,Unfall mit Leichtverletzten,5.0,5.0,0.0,1.0,0.0,0.0,0.0,0.0,"8,478392727000028","49,527712780000059",,,Unfall durch ruhenden Verkehr,"Fahrrad, Pkw",Zusammenstoß mit einbiegendem / kreuzendem Fahrzeug
188607.0,2021,10,16,3,Unfall mit Leichtverletzten,5.0,3.0,0.0,0.0,0.0,0.0,0.0,0.0,"8,475984799000059","49,499713268000050",,,Einbiegen / Kreuzen-Unfall,Fahrrad,Zusammenstoß mit einbiegendem / kreuzendem Fahrzeug
188977.0,2021,10,16,3,Unfall mit Leichtverletzten,5.0,3.0,0.0,1.0,0.0,0.0,0.0,0.0,"8,475798511000050","49,486534092000056",,,Einbiegen / Kreuzen-Unfall,"Fahrrad, Pkw",Zusammenstoß mit einbiegendem / kreuzendem Fahrzeug
187134.0,2021,10,11,3,Unfall mit Leichtverletzten,5.0,3.0,0.0,1.0,0.0,0.0,0.0,0.0,"8,560123703000045","49,463652931000070",,,Einbiegen / Kreuzen-Unfall,"Fahrrad, Pkw",Zusammenstoß mit einbiegendem / kreuzendem Fahrzeug
188553.0,2021,10,9,3,Unfall mit Leichtverletzten,0.0,7.0,0.0,1.0,0.0,0.0,0.0,0.0,"8,467693684000039","49,488088452000056",,,sonstiger Unfall,"Fahrrad, Pkw",Unfall anderer Art
188763.0,2021,10,19,2,Unfall mit Schwerverletzten,0.0,3.0,2.0,1.0,0.0,0.0,0.0,0.0,"8,506879353000045","49,509563859000082",,,Einbiegen / Kreuzen-Unfall,"Fahrrad, Pkw",Unfall anderer Art
187674.0,2021,10,14,2,Unfall mit Leichtverletzten,0.0,3.0,0.0,1.0,0.0,0.0,0.0,0.0,"8,535907504000022","49,420139657000050",,,Einbiegen / Kreuzen-Unfall,"Fahrrad, Pkw",Unfall anderer Art
187059.0,2021,10,6,2,Unfall mit Leichtverletzten,0.0,7.0,2.0,0.0,0.0,0.0,0.0,0.0,"8,534001848000059","49,424652008000066",,,sonstiger Unfall,Fahrrad,Unfall anderer Art
186438.0,2021,9,14,7,Unfall mit Leichtverletzten,5.0,3.0,0.0,1.0,0.0,0.0,0.0,0.0,"8,490228920000050","49,461465241000042",,,Einbiegen / Kreuzen-Unfall,"Fahrrad, Pkw",Zusammenstoß mit einbiegendem / kreuzendem Fahrzeug
186713.0,2021,9,14,7,Unfall mit Leichtverletzten,5.0,7.0,0.0,1.0,0.0,0.0,0.0,0.0,"8,470100896000076","49,484594694000066",,,sonstiger Unfall,"Fahrrad, Pkw",Zusammenstoß mit einbiegendem / kreuzendem Fahrzeug
186749.0,2021,9,13,7,Unfall mit Leichtverletzten,3.0,2.0,0.0,1.0,0.0,0.0,0.0,0.0,"8,506889151000053","49,509587532000069",,,Abbiegeunfall,"Fahrrad, Pkw",Zusammenstoß mit seitlich in gleicher Richtung fahrendem Fahrzeug
186358.0,2021,9,12,7,Unfall mit Leichtverletzten,5.0,3.0,0.0,1.0,0.0,0.0,0.0,0.0,"8,473760980000066","49,546780056000046",,,Einbiegen / Kreuzen-Unfall,"Fahrrad, Pkw",Zusammenstoß mit einbiegendem / kreuzendem Fahrzeug
185889.0,2021,9,10,7,Unfall mit Leichtverletzten,1.0,7.0,0.0,0.0,0.0,0.0,0.0,1.0,"8,478021301000069","49,460138344000029",,,sonstiger Unfall,"Fahrrad, Tram/Bus (bis 2017 auch LKW)",Zusammenstoß mit anfahrendem/ anhaltendem/ ruhendem Fahrzeug
186643.0,2021,9,20,6,Unfall mit Leichtverletzten,5.0,2.0,1.0,1.0,0.0,0.0,0.0,0.0,"8,475082181000062","49,464764351000042",,,Abbiegeunfall,"Fahrrad, Pkw",Zusammenstoß mit einbiegendem / kreuzendem Fahrzeug
187749.0,2021,9,19,6,Unfall mit Leichtverletzten,5.0,2.0,1.0,1.0,0.0,0.0,0.0,0.0,"8,488488595000035","49,527910887000075",,,Abbiegeunfall,"Fahrrad, Pkw",Zusammenstoß mit einbiegendem / kreuzendem Fahrzeug
186467.0,2021,9,17,6,Unfall mit Leichtverletzten,5.0,3.0,0.0,1.0,0.0,0.0,0.0,0.0,"8,484605041000066","49,476875640000060",,,Einbiegen / Kreuzen-Unfall,"Fahrrad, Pkw",Zusammenstoß mit einbiegendem / kreuzendem Fahrzeug
186162.0,2021,9,16,6,Unfall mit Leichtverletzten,6.0,7.0,0.0,0.0,1.0,0.0,0.0,0.0,"8,475436293000030","49,490050560000043",,,sonstiger Unfall,"Fahrrad, Fußgänger",Zusammenstoß zwischen Fahrzeug und Fußgänger
185934.0,2021,9,15,6,Unfall mit Leichtverletzten,5.0,3.0,0.0,1.0,0.0,0.0,0.0,0.0,"8,491890052000031","49,476625678000062",,,Einbiegen / Kreuzen-Unfall,"Fahrrad, Pkw",Zusammenstoß mit einbiegendem / kreuzendem Fahrzeug
186564.0,2021,9,14,6,Unfall mit Schwerverletzten,5.0,3.0,0.0,1.0,0.0,0.0,0.0,0.0,"8,456317675000037","49,491643445000079",,,Einbiegen / Kreuzen-Unfall,"Fahrrad, Pkw",Zusammenstoß mit einbiegendem / kreuzendem Fahrzeug
83140.0,2021,9,6,6,Unfall mit Leichtverletzten,5.0,3.0,1.0,0.0,0.0,0.0,0.0,1.0,"8,460514637000074","49,493761429000074",,,Einbiegen / Kreuzen-Unfall,"Fahrrad, Tram/Bus (bis 2017 auch LKW)",Zusammenstoß mit einbiegendem / kreuzendem Fahrzeug
186064.0,2021,9,23,5,Unfall mit Leichtverletzten,5.0,2.0,2.0,1.0,0.0,0.0,0.0,0.0,"8,459306047000041","49,497016209000037",,,Abbiegeunfall,"Fahrrad, Pkw",Zusammenstoß mit einbiegendem / kreuzendem Fahrzeug
187761.0,2021,9,19,5,Unfall mit Leichtverletzten,0.0,7.0,1.0,0.0,0.0,0.0,0.0,0.0,"8,469966522000050","49,505627985000046",,,sonstiger Unfall,Fahrrad,Unfall anderer Art
81966.0,2021,9,18,5,Unfall mit Leichtverletzten,0.0,3.0,1.0,0.0,0.0,0.0,0.0,1.0,"8,481817420000027","49,525172446000056",,,Einbiegen / Kreuzen-Unfall,"Fahrrad, Tram/Bus (bis 2017 auch LKW)",Unfall anderer Art
187231.0,2021,9,17,5,Unfall mit Leichtverletzten,5.0,3.0,0.0,1.0,0.0,0.0,0.0,0.0,"8,500839200000030","49,459348651000028",,,Einbiegen / Kreuzen-Unfall,"Fahrrad, Pkw",Zusammenstoß mit einbiegendem / kreuzendem Fahrzeug
185862.0,2021,9,14,5,Unfall mit Leichtverletzten,1.0,3.0,0.0,1.0,0.0,0.0,0.0,0.0,"8,484129598000038","49,468350879000070",,,Einbiegen / Kreuzen-Unfall,"Fahrrad, Pkw",Zusammenstoß mit anfahrendem/ anhaltendem/ ruhendem Fahrzeug
187022.0,2021,9,14,5,Unfall mit Leichtverletzten,3.0,2.0,0.0,1.0,0.0,0.0,0.0,0.0,"8,472133817000042","49,484363339000026",,,Abbiegeunfall,"Fahrrad, Pkw",Zusammenstoß mit seitlich in gleicher Richtung fahrendem Fahrzeug
82434.0,2021,9,11,5,Unfall mit Leichtverletzten,3.0,6.0,0.0,0.0,0.0,0.0,0.0,1.0,"8,474776239000050","49,484428069000046",,,Unfall im Längsverkehr,"Fahrrad, Tram/Bus (bis 2017 auch LKW)",Zusammenstoß mit seitlich in gleicher Richtung fahrendem Fahrzeug
186708.0,2021,9,11,5,Unfall mit Leichtverletzten,5.0,3.0,0.0,1.0,0.0,0.0,0.0,0.0,"8,489270666000039","49,460470834000034",,,Einbiegen / Kreuzen-Unfall,"Fahrrad, Pkw",Zusammenstoß mit einbiegendem / kreuzendem Fahrzeug
187561.0,2021,9,8,5,Unfall mit Leichtverletzten,5.0,3.0,0.0,1.0,0.0,0.0,0.0,0.0,"8,476272439000070","49,482801056000028",,,Einbiegen / Kreuzen-Unfall,"Fahrrad, Pkw",Zusammenstoß mit einbiegendem / kreuzendem Fahrzeug
84105.0,2021,9,17,4,Unfall mit Leichtverletzten,2.0,6.0,0.0,1.0,0.0,0.0,0.0,0.0,"8,460635419000027","49,494154334000029",,,Unfall im Längsverkehr,"Fahrrad, Pkw",Zusammenstoß mit vorausfahrendem / wartendem Fahrzeug
187011.0,2021,9,17,4,Unfall mit Leichtverletzten,5.0,3.0,0.0,1.0,0.0,0.0,0.0,0.0,"8,468401599000060","49,475946032000081",,,Einbiegen / Kreuzen-Unfall,"Fahrrad, Pkw",Zusammenstoß mit einbiegendem / kreuzendem Fahrzeug
186614.0,2021,9,16,4,Unfall mit Leichtverletzten,1.0,5.0,0.0,1.0,0.0,0.0,0.0,0.0,"8,490485543000034","49,453492314000073",,,Unfall durch ruhenden Verkehr,"Fahrrad, Pkw",Zusammenstoß mit anfahrendem/ anhaltendem/ ruhendem Fahrzeug
187380.0,2021,9,16,4,Unfall mit Leichtverletzten,0.0,7.0,0.0,0.0,0.0,0.0,0.0,0.0,"8,505302187000041","49,445744248000040",,,sonstiger Unfall,Fahrrad,Unfall anderer Art
187213.0,2021,9,14,4,Unfall mit Leichtverletzten,3.0,2.0,0.0,1.0,0.0,0.0,0.0,0.0,"8,467359586000043","49,490283545000068",,,Abbiegeunfall,"Fahrrad, Pkw",Zusammenstoß mit seitlich in gleicher Richtung fahrendem Fahrzeug
186264.0,2021,9,6,4,Unfall mit Leichtverletzten,5.0,3.0,1.0,1.0,0.0,0.0,0.0,0.0,"8,488544030000071","49,463288836000061",,,Einbiegen / Kreuzen-Unfall,"Fahrrad, Pkw",Zusammenstoß mit einbiegendem / kreuzendem Fahrzeug
186666.0,2021,9,17,3,Unfall mit Leichtverletzten,5.0,3.0,0.0,1.0,0.0,0.0,0.0,0.0,"8,492324749000034","49,500052973000038",,,Einbiegen / Kreuzen-Unfall,"Fahrrad, Pkw",Zusammenstoß mit einbiegendem / kreuzendem Fahrzeug
187000.0,2021,9,14,3,Unfall mit Leichtverletzten,5.0,3.0,0.0,0.0,0.0,0.0,0.0,1.0,"8,480298987000026","49,495095983000056",,,Einbiegen / Kreuzen-Unfall,"Fahrrad, Tram/Bus (bis 2017 auch LKW)",Zusammenstoß mit einbiegendem / kreuzendem Fahrzeug
186516.0,2021,9,17,2,Unfall mit Schwerverletzten,5.0,7.0,0.0,1.0,0.0,0.0,0.0,0.0,"8,464255421000075","49,490386533000049",,,sonstiger Unfall,"Fahrrad, Pkw",Zusammenstoß mit einbiegendem / kreuzendem Fahrzeug