OBJECTID,UJAHR,UMONAT,USTUNDE,UWOCHENTAG,UKATEGORIE,UART,UTYP1,ULICHTVERH,IstPKW,IstFuss,IstKrad,IstGkfz,IstSonstige,XGCSWGS84,YGCSWGS84,Kommentar,Stadtteil,typ,involved,art
186514.0,2021,9,16,2,Unfall mit Leichtverletzten,5.0,3.0,0.0,1.0,0.0,0.0,0.0,0.0,"8,481137701000023","49,456836026000076",,,Einbiegen / Kreuzen-Unfall,"Fahrrad, Pkw",Zusammenstoß mit einbiegendem / kreuzendem Fahrzeug
187838.0,2021,9,16,2,Unfall mit Leichtverletzten,0.0,7.0,0.0,1.0,0.0,0.0,0.0,0.0,"8,504725005000068","49,514464162000081",,,sonstiger Unfall,"Fahrrad, Pkw",Unfall anderer Art
187791.0,2021,9,15,2,Unfall mit Leichtverletzten,5.0,3.0,0.0,0.0,0.0,0.0,0.0,1.0,"8,472961780000048","49,495421369000042",,,Einbiegen / Kreuzen-Unfall,"Fahrrad, Tram/Bus (bis 2017 auch LKW)",Zusammenstoß mit einbiegendem / kreuzendem Fahrzeug
187846.0,2021,9,15,2,Unfall mit Schwerverletzten,0.0,1.0,0.0,0.0,0.0,0.0,0.0,0.0,"8,493697550000036","49,500798561000067",,,Fahrunfall,Fahrrad,Unfall anderer Art
187364.0,2021,9,11,2,Unfall mit Leichtverletzten,5.0,3.0,0.0,1.0,0.0,0.0,0.0,0.0,"8,488671571000054","49,455002242000035",,,Einbiegen / Kreuzen-Unfall,"Fahrrad, Pkw",Zusammenstoß mit einbiegendem / kreuzendem Fahrzeug
187226.0,2021,9,8,2,Unfall mit Leichtverletzten,0.0,3.0,0.0,1.0,0.0,0.0,0.0,0.0,"8,521103764000031","49,492194438000070",,,Einbiegen / Kreuzen-Unfall,"Fahrrad, Pkw",Unfall anderer Art
83154.0,2021,9,6,2,Unfall mit Leichtverletzten,5.0,3.0,1.0,0.0,0.0,0.0,0.0,0.0,"8,459456609000028","49,482687843000065",,,Einbiegen / Kreuzen-Unfall,Fahrrad,Zusammenstoß mit einbiegendem / kreuzendem Fahrzeug
186378.0,2021,9,0,1,Unfall mit Leichtverletzten,1.0,5.0,2.0,1.0,0.0,0.0,0.0,0.0,"8,540787486000056","49,484802760000036",,,Unfall durch ruhenden Verkehr,"Fahrrad, Pkw",Zusammenstoß mit anfahrendem/ anhaltendem/ ruhendem Fahrzeug
186601.0,2021,8,19,7,Unfall mit Leichtverletzten,4.0,6.0,0.0,0.0,0.0,1.0,0.0,0.0,"8,473608593000051","49,548017604000052",,,Unfall im Längsverkehr,"Fahrrad, Kraftrad",Zusammenstoß mit entgegenkommendem Fahrzeug
184941.0,2021,8,15,7,Unfall mit Leichtverletzten,6.0,7.0,0.0,0.0,1.0,0.0,0.0,0.0,"8,467726440000035","49,490665140000033",,,sonstiger Unfall,"Fahrrad, Fußgänger",Zusammenstoß zwischen Fahrzeug und Fußgänger
185604.0,2021,8,14,7,Unfall mit Leichtverletzten,0.0,6.0,0.0,1.0,0.0,0.0,0.0,0.0,"8,517432148000069","49,512543011000048",,,Unfall im Längsverkehr,"Fahrrad, Pkw",Unfall anderer Art
185662.0,2021,8,10,7,Unfall mit Leichtverletzten,5.0,3.0,0.0,1.0,0.0,0.0,0.0,0.0,"8,486543888000028","49,526560236000080",,,Einbiegen / Kreuzen-Unfall,"Fahrrad, Pkw",Zusammenstoß mit einbiegendem / kreuzendem Fahrzeug
186889.0,2021,8,3,7,Unfall mit Leichtverletzten,5.0,3.0,2.0,1.0,0.0,0.0,0.0,0.0,"8,465227697000046","49,489183610000055",,,Einbiegen / Kreuzen-Unfall,"Fahrrad, Pkw",Zusammenstoß mit einbiegendem / kreuzendem Fahrzeug
184973.0,2021,8,14,6,Unfall mit Leichtverletzten,6.0,4.0,0.0,0.0,1.0,0.0,0.0,0.0,"8,473402587000066","49,485820655000055",,,Überschreiten-Unfall,"Fahrrad, Fußgänger",Zusammenstoß zwischen Fahrzeug und Fußgänger
186476.0,2021,8,12,6,Unfall mit Leichtverletzten,0.0,6.0,0.0,0.0,0.0,0.0,0.0,1.0,"8,565144339000028","49,465272714000037",,,Unfall im Längsverkehr,"Fahrrad, Tram/Bus (bis 2017 auch LKW)",Unfall anderer Art
185636.0,2021,8,11,6,Unfall mit Leichtverletzten,5.0,3.0,0.0,1.0,0.0,0.0,0.0,0.0,"8,481834165000066","49,528644188000044",,,Einbiegen / Kreuzen-Unfall,"Fahrrad, Pkw",Zusammenstoß mit einbiegendem / kreuzendem Fahrzeug
185549.0,2021,8,10,6,Unfall mit Leichtverletzten,0.0,7.0,0.0,0.0,0.0,0.0,0.0,0.0,"8,516871960000060","49,484145650000073",,,sonstiger Unfall,Fahrrad,Unfall anderer Art
186615.0,2021,8,10,6,Unfall mit Leichtverletzten,5.0,5.0,0.0,1.0,0.0,0.0,0.0,0.0,"8,449611147000041","49,549564285000031",,,Unfall durch ruhenden Verkehr,"Fahrrad, Pkw",Zusammenstoß mit einbiegendem / kreuzendem Fahrzeug
184979.0,2021,8,9,6,Unfall mit Leichtverletzten,5.0,3.0,0.0,1.0,0.0,0.0,0.0,0.0,"8,474324177000028","49,472638345000064",,,Einbiegen / Kreuzen-Unfall,"Fahrrad, Pkw",Zusammenstoß mit einbiegendem / kreuzendem Fahrzeug
81168.0,2021,8,16,5,Unfall mit Leichtverletzten,5.0,3.0,0.0,1.0,0.0,0.0,0.0,0.0,"8,487379772000054","49,475124046000076",,,Einbiegen / Kreuzen-Unfall,"Fahrrad, Pkw",Zusammenstoß mit einbiegendem / kreuzendem Fahrzeug
81690.0,2021,8,16,5,Unfall mit Leichtverletzten,3.0,2.0,0.0,1.0,0.0,0.0,0.0,0.0,"8,501057911000032","49,477987994000046",,,Abbiegeunfall,"Fahrrad, Pkw",Zusammenstoß mit seitlich in gleicher Richtung fahrendem Fahrzeug
185419.0,2021,8,19,4,Unfall mit Leichtverletzten,3.0,2.0,0.0,1.0,0.0,0.0,0.0,0.0,"8,484123965000038","49,496384425000031",,,Abbiegeunfall,"Fahrrad, Pkw",Zusammenstoß mit seitlich in gleicher Richtung fahrendem Fahrzeug
186113.0,2021,8,14,4,Unfall mit Leichtverletzten,3.0,2.0,0.0,1.0,0.0,0.0,0.0,0.0,"8,498781709000070","49,520371320000038",,,Abbiegeunfall,"Fahrrad, Pkw",Zusammenstoß mit seitlich in gleicher Richtung fahrendem Fahrzeug
184816.0,2021,8,13,4,Unfall mit Leichtverletzten,5.0,2.0,0.0,1.0,0.0,0.0,0.0,0.0,"8,484284939000077","49,510323087000074",,,Abbiegeunfall,"Fahrrad, Pkw",Zusammenstoß mit einbiegendem / kreuzendem Fahrzeug
186645.0,2021,8,13,3,Unfall mit Leichtverletzten,5.0,3.0,0.0,1.0,0.0,0.0,0.0,0.0,"8,474444507000044","49,472721673000081",,,Einbiegen / Kreuzen-Unfall,"Fahrrad, Pkw",Zusammenstoß mit einbiegendem / kreuzendem Fahrzeug
185987.0,2021,8,10,3,Unfall mit Leichtverletzten,3.0,2.0,0.0,0.0,0.0,0.0,1.0,0.0,"8,483629361000055","49,497284437000076",,,Abbiegeunfall,"Fahrrad, LKW",Zusammenstoß mit seitlich in gleicher Richtung fahrendem Fahrzeug
185414.0,2021,8,11,2,Unfall mit Leichtverletzten,0.0,1.0,0.0,0.0,0.0,0.0,0.0,0.0,"8,475544045000049","49,480039835000071",,,Fahrunfall,Fahrrad,Unfall anderer Art
185290.0,2021,8,6,2,Unfall mit Leichtverletzten,4.0,6.0,0.0,0.0,0.0,0.0,0.0,0.0,"8,471376709000026","49,493496825000079",,,Unfall im Längsverkehr,Fahrrad,Zusammenstoß mit entgegenkommendem Fahrzeug
79996.0,2021,7,20,7,Unfall mit Leichtverletzten,0.0,1.0,0.0,0.0,0.0,0.0,0.0,0.0,"8,505700468000043","49,506858664000049",,,Fahrunfall,Fahrrad,Unfall anderer Art
184555.0,2021,7,19,7,Unfall mit Leichtverletzten,0.0,7.0,0.0,0.0,0.0,0.0,0.0,0.0,"8,486427224000067","49,447196042000030",,,sonstiger Unfall,Fahrrad,Unfall anderer Art
81079.0,2021,7,15,7,Unfall mit Leichtverletzten,0.0,7.0,0.0,0.0,1.0,0.0,0.0,0.0,"8,466438502000074","49,507971237000049",,,sonstiger Unfall,"Fahrrad, Fußgänger",Unfall anderer Art
185121.0,2021,7,15,7,Unfall mit Leichtverletzten,0.0,1.0,0.0,0.0,0.0,0.0,0.0,0.0,"8,471148865000032","49,493409205000034",,,Fahrunfall,Fahrrad,Unfall anderer Art
183929.0,2021,7,7,7,Unfall mit Leichtverletzten,5.0,2.0,0.0,1.0,0.0,0.0,0.0,0.0,"8,493109165000021","49,521805876000030",,,Abbiegeunfall,"Fahrrad, Pkw",Zusammenstoß mit einbiegendem / kreuzendem Fahrzeug
183916.0,2021,7,21,6,Unfall mit Leichtverletzten,0.0,1.0,0.0,0.0,0.0,0.0,0.0,0.0,"8,475447542000040","49,508284158000038",,,Fahrunfall,Fahrrad,Unfall anderer Art
184875.0,2021,7,17,6,Unfall mit Leichtverletzten,5.0,3.0,0.0,1.0,0.0,0.0,0.0,0.0,"8,455239003000031","49,536369853000053",,,Einbiegen / Kreuzen-Unfall,"Fahrrad, Pkw",Zusammenstoß mit einbiegendem / kreuzendem Fahrzeug
184173.0,2021,7,11,6,Unfall mit Leichtverletzten,1.0,3.0,0.0,1.0,0.0,0.0,0.0,0.0,"8,508879425000032","49,505986334000056",,,Einbiegen / Kreuzen-Unfall,"Fahrrad, Pkw",Zusammenstoß mit anfahrendem/ anhaltendem/ ruhendem Fahrzeug
184737.0,2021,7,8,6,Unfall mit Leichtverletzten,5.0,3.0,0.0,1.0,0.0,0.0,0.0,0.0,"8,473733165000056","49,508264740000072",,,Einbiegen / Kreuzen-Unfall,"Fahrrad, Pkw",Zusammenstoß mit einbiegendem / kreuzendem Fahrzeug
185706.0,2021,7,16,5,Unfall mit Schwerverletzten,5.0,3.0,0.0,0.0,0.0,0.0,0.0,1.0,"8,522369801000025","49,511564361000069",,,Einbiegen / Kreuzen-Unfall,"Fahrrad, Tram/Bus (bis 2017 auch LKW)",Zusammenstoß mit einbiegendem / kreuzendem Fahrzeug
183782.0,2021,7,13,5,Unfall mit Leichtverletzten,1.0,5.0,0.0,0.0,0.0,1.0,0.0,0.0,"8,481437232000076","49,475001540000051",,,Unfall durch ruhenden Verkehr,"Fahrrad, Kraftrad",Zusammenstoß mit anfahrendem/ anhaltendem/ ruhendem Fahrzeug
183852.0,2021,7,10,5,Unfall mit Leichtverletzten,5.0,3.0,0.0,1.0,0.0,0.0,0.0,0.0,"8,525782360000051","49,420220212000061",,,Einbiegen / Kreuzen-Unfall,"Fahrrad, Pkw",Zusammenstoß mit einbiegendem / kreuzendem Fahrzeug
184582.0,2021,7,8,5,Unfall mit Leichtverletzten,4.0,2.0,0.0,0.0,1.0,0.0,0.0,0.0,"8,474371912000038","49,456453387000067",,,Abbiegeunfall,"Fahrrad, Fußgänger",Zusammenstoß mit entgegenkommendem Fahrzeug
184132.0,2021,7,20,4,Unfall mit Leichtverletzten,5.0,3.0,0.0,1.0,0.0,0.0,0.0,0.0,"8,480981715000041","49,547034487000076",,,Einbiegen / Kreuzen-Unfall,"Fahrrad, Pkw",Zusammenstoß mit einbiegendem / kreuzendem Fahrzeug
184604.0,2021,7,18,4,Unfall mit Leichtverletzten,3.0,2.0,0.0,1.0,0.0,0.0,0.0,0.0,"8,469983536000029","49,504182977000028",,,Abbiegeunfall,"Fahrrad, Pkw",Zusammenstoß mit seitlich in gleicher Richtung fahrendem Fahrzeug
185733.0,2021,7,16,4,Unfall mit Leichtverletzten,0.0,1.0,0.0,0.0,0.0,0.0,0.0,0.0,"8,476416908000033","49,484909892000076",,,Fahrunfall,Fahrrad,Unfall anderer Art
184539.0,2021,7,19,3,Unfall mit Leichtverletzten,1.0,2.0,0.0,1.0,0.0,0.0,0.0,0.0,"8,470219010000051","49,493290173000048",,,Abbiegeunfall,"Fahrrad, Pkw",Zusammenstoß mit anfahrendem/ anhaltendem/ ruhendem Fahrzeug
78912.0,2021,7,17,3,Unfall mit Leichtverletzten,5.0,3.0,0.0,1.0,0.0,0.0,0.0,0.0,"8,487615808000044","49,475380199000028",,,Einbiegen / Kreuzen-Unfall,"Fahrrad, Pkw",Zusammenstoß mit einbiegendem / kreuzendem Fahrzeug
184996.0,2021,7,17,3,Unfall mit Leichtverletzten,5.0,3.0,0.0,1.0,0.0,0.0,0.0,0.0,"8,448158863000060","49,550031125000032",,,Einbiegen / Kreuzen-Unfall,"Fahrrad, Pkw",Zusammenstoß mit einbiegendem / kreuzendem Fahrzeug
78782.0,2021,7,16,3,Unfall mit Schwerverletzten,5.0,3.0,0.0,0.0,0.0,0.0,0.0,0.0,"8,471570271000076","49,512320748000036",,,Einbiegen / Kreuzen-Unfall,Fahrrad,Zusammenstoß mit einbiegendem / kreuzendem Fahrzeug
185247.0,2021,7,9,3,Unfall mit Leichtverletzten,5.0,2.0,0.0,1.0,0.0,0.0,0.0,0.0,"8,523506754000039","49,438539825000078",,,Abbiegeunfall,"Fahrrad, Pkw",Zusammenstoß mit einbiegendem / kreuzendem Fahrzeug
184385.0,2021,7,18,2,Unfall mit Leichtverletzten,6.0,4.0,0.0,0.0,1.0,0.0,0.0,0.0,"8,464163082000027","49,491461620000052",,,Überschreiten-Unfall,"Fahrrad, Fußgänger",Zusammenstoß zwischen Fahrzeug und Fußgänger
184102.0,2021,7,17,2,Unfall mit Leichtverletzten,3.0,5.0,0.0,1.0,0.0,0.0,0.0,0.0,"8,467732794000028","49,486132153000028",,,Unfall durch ruhenden Verkehr,"Fahrrad, Pkw",Zusammenstoß mit seitlich in gleicher Richtung fahrendem Fahrzeug
185740.0,2021,7,17,2,Unfall mit Leichtverletzten,0.0,1.0,0.0,0.0,0.0,0.0,0.0,0.0,"8,504814705000058","49,487466201000075",,,Fahrunfall,Fahrrad,Unfall anderer Art
184632.0,2021,7,15,2,Unfall mit Leichtverletzten,3.0,6.0,0.0,1.0,0.0,0.0,0.0,0.0,"8,474885734000054","49,483375036000041",,,Unfall im Längsverkehr,"Fahrrad, Pkw",Zusammenstoß mit seitlich in gleicher Richtung fahrendem Fahrzeug
183861.0,2021,7,14,2,Unfall mit Leichtverletzten,0.0,7.0,0.0,0.0,0.0,0.0,0.0,0.0,"8,504136512000059","49,501880510000035",,,sonstiger Unfall,Fahrrad,Unfall anderer Art
183814.0,2021,7,12,2,Unfall mit Leichtverletzten,0.0,6.0,0.0,0.0,1.0,0.0,0.0,0.0,"8,459792451000055","49,494856766000055",,,Unfall im Längsverkehr,"Fahrrad, Fußgänger",Unfall anderer Art
184597.0,2021,7,9,2,Unfall mit Leichtverletzten,5.0,3.0,0.0,1.0,0.0,0.0,0.0,0.0,"8,486324225000033","49,474359105000076",,,Einbiegen / Kreuzen-Unfall,"Fahrrad, Pkw",Zusammenstoß mit einbiegendem / kreuzendem Fahrzeug
185702.0,2021,7,8,2,Unfall mit Leichtverletzten,1.0,5.0,0.0,1.0,0.0,0.0,0.0,0.0,"8,491965605000075","49,494102675000079",,,Unfall durch ruhenden Verkehr,"Fahrrad, Pkw",Zusammenstoß mit anfahrendem/ anhaltendem/ ruhendem Fahrzeug
184190.0,2021,7,7,2,Unfall mit Leichtverletzten,9.0,1.0,0.0,0.0,0.0,0.0,0.0,0.0,"8,499537502000067","49,521159444000034",,,Fahrunfall,Fahrrad,Abkommen von Fahrbahn nach links
184046.0,2021,7,2,2,Unfall mit Leichtverletzten,0.0,6.0,2.0,0.0,0.0,0.0,0.0,0.0,"8,476084444000037","49,482599027000049",,,Unfall im Längsverkehr,Fahrrad,Unfall anderer Art
184177.0,2021,7,20,1,Unfall mit Leichtverletzten,0.0,5.0,0.0,1.0,0.0,0.0,0.0,0.0,"8,511326595000071","49,516982143000064",,,Unfall durch ruhenden Verkehr,"Fahrrad, Pkw",Unfall anderer Art
183907.0,2021,7,16,1,Unfall mit Leichtverletzten,0.0,7.0,0.0,0.0,0.0,0.0,0.0,0.0,"8,479080662000058","49,480409066000050",,,sonstiger Unfall,Fahrrad,Unfall anderer Art
183686.0,2021,6,17,7,Unfall mit Leichtverletzten,5.0,3.0,0.0,1.0,0.0,0.0,0.0,0.0,"8,559865494000064","49,468763646000070",,,Einbiegen / Kreuzen-Unfall,"Fahrrad, Pkw",Zusammenstoß mit einbiegendem / kreuzendem Fahrzeug
183580.0,2021,6,11,7,Unfall mit Leichtverletzten,0.0,4.0,0.0,0.0,1.0,0.0,0.0,0.0,"8,489000880000049","49,498196394000047",,,Überschreiten-Unfall,"Fahrrad, Fußgänger",Unfall anderer Art
182185.0,2021,6,9,7,Unfall mit Schwerverletzten,4.0,2.0,0.0,1.0,0.0,0.0,0.0,0.0,"8,475065051000058","49,490901937000046",,,Abbiegeunfall,"Fahrrad, Pkw",Zusammenstoß mit entgegenkommendem Fahrzeug
183475.0,2021,6,9,7,Unfall mit Leichtverletzten,0.0,7.0,0.0,1.0,0.0,0.0,0.0,0.0,"8,484601608000048","49,523314962000029",,,sonstiger Unfall,"Fahrrad, Pkw",Unfall anderer Art
182697.0,2021,6,10,6,Unfall mit Leichtverletzten,0.0,7.0,0.0,0.0,0.0,0.0,0.0,0.0,"8,484924193000040","49,461439365000047",,,sonstiger Unfall,Fahrrad,Unfall anderer Art
182144.0,2021,6,17,5,Unfall mit Leichtverletzten,5.0,3.0,0.0,1.0,0.0,0.0,0.0,0.0,"8,451887406000026","49,543561420000060",,,Einbiegen / Kreuzen-Unfall,"Fahrrad, Pkw",Zusammenstoß mit einbiegendem / kreuzendem Fahrzeug
183127.0,2021,6,13,5,Unfall mit Leichtverletzten,0.0,7.0,0.0,0.0,0.0,0.0,0.0,0.0,"8,532218093000040","49,484470336000072",,,sonstiger Unfall,Fahrrad,Unfall anderer Art
182710.0,2021,6,12,5,Unfall mit Schwerverletzten,0.0,1.0,0.0,0.0,0.0,0.0,0.0,0.0,"8,471560597000064","49,493237432000058",,,Fahrunfall,Fahrrad,Unfall anderer Art
183545.0,2021,6,7,5,Unfall mit Leichtverletzten,0.0,7.0,0.0,0.0,0.0,0.0,0.0,0.0,"8,484038229000021","49,477640498000028",,,sonstiger Unfall,Fahrrad,Unfall anderer Art
183505.0,2021,6,20,4,Unfall mit Leichtverletzten,5.0,2.0,0.0,1.0,0.0,0.0,0.0,0.0,"8,469316909000042","49,487434961000076",,,Abbiegeunfall,"Fahrrad, Pkw",Zusammenstoß mit einbiegendem / kreuzendem Fahrzeug
182863.0,2021,6,19,4,Unfall mit Leichtverletzten,5.0,3.0,0.0,0.0,0.0,0.0,0.0,0.0,"8,463222945000041","49,498721884000076",,,Einbiegen / Kreuzen-Unfall,Fahrrad,Zusammenstoß mit einbiegendem / kreuzendem Fahrzeug
79231.0,2021,6,18,4,Unfall mit Schwerverletzten,5.0,5.0,0.0,1.0,0.0,0.0,0.0,0.0,"8,462732651000067","49,505250267000065",,,Unfall durch ruhenden Verkehr,"Fahrrad, Pkw",Zusammenstoß mit einbiegendem / kreuzendem Fahrzeug
183111.0,2021,6,18,4,Unfall mit Leichtverletzten,5.0,3.0,0.0,1.0,0.0,0.0,0.0,0.0,"8,483743290000064","49,469828867000047",,,Einbiegen / Kreuzen-Unfall,"Fahrrad, Pkw",Zusammenstoß mit einbiegendem / kreuzendem Fahrzeug
183080.0,2021,6,17,4,Unfall mit Leichtverletzten,5.0,2.0,0.0,1.0,0.0,0.0,0.0,0.0,"8,483819455000059","49,497240167000029",,,Abbiegeunfall,"Fahrrad, Pkw",Zusammenstoß mit einbiegendem / kreuzendem Fahrzeug
182769.0,2021,6,11,4,Unfall mit Leichtverletzten,0.0,3.0,0.0,1.0,0.0,0.0,0.0,0.0,"8,503346086000022","49,451006723000035",,,Einbiegen / Kreuzen-Unfall,"Fahrrad, Pkw",Unfall anderer Art
77094.0,2021,6,10,4,Unfall mit Leichtverletzten,3.0,2.0,0.0,0.0,0.0,0.0,0.0,0.0,"8,482062480000025","49,525580448000028",,,Abbiegeunfall,Fahrrad,Zusammenstoß mit seitlich in gleicher Richtung fahrendem Fahrzeug
183360.0,2021,6,9,4,Unfall mit Leichtverletzten,3.0,6.0,0.0,0.0,0.0,0.0,0.0,1.0,"8,449330163000070","49,542295212000056",,,Unfall im Längsverkehr,"Fahrrad, Tram/Bus (bis 2017 auch LKW)",Zusammenstoß mit seitlich in gleicher Richtung fahrendem Fahrzeug
182746.0,2021,6,15,3,Unfall mit Leichtverletzten,5.0,3.0,0.0,1.0,0.0,0.0,0.0,0.0,"8,507932044000029","49,512286668000058",,,Einbiegen / Kreuzen-Unfall,"Fahrrad, Pkw",Zusammenstoß mit einbiegendem / kreuzendem Fahrzeug
183430.0,2021,6,15,3,Unfall mit Leichtverletzten,5.0,3.0,0.0,1.0,0.0,0.0,0.0,0.0,"8,487439607000056","49,464640546000055",,,Einbiegen / Kreuzen-Unfall,"Fahrrad, Pkw",Zusammenstoß mit einbiegendem / kreuzendem Fahrzeug
183348.0,2021,6,12,3,Unfall mit Schwerverletzten,8.0,7.0,0.0,0.0,0.0,0.0,0.0,0.0,"8,534498753000037","49,474947323000038",,,sonstiger Unfall,Fahrrad,Abkommen von Fahrbahn nach rechts
184332.0,2021,6,7,3,Unfall mit Leichtverletzten,5.0,3.0,0.0,1.0,0.0,0.0,0.0,0.0,"8,521835508000038","49,488621290000026",,,Einbiegen / Kreuzen-Unfall,"Fahrrad, Pkw",Zusammenstoß mit einbiegendem / kreuzendem Fahrzeug
183179.0,2021,6,0,3,Unfall mit Leichtverletzten,0.0,1.0,2.0,0.0,0.0,0.0,0.0,0.0,"8,521897947000070","49,467124477000027",,,Fahrunfall,Fahrrad,Unfall anderer Art
183443.0,2021,6,7,2,Unfall mit Getöteten,5.0,3.0,0.0,0.0,0.0,0.0,0.0,1.0,"8,539226557000063","49,510949159000063",28.06.2021: Am Montagmorgen wurde ein Fahrradfahrer bei einem Zusammenstoß mit einem Linienbus schwer verletzt. Der 56-jährige Radfahrer überquerte gegen 7.15 Uhr an der Straßenbahnhaltestelle 'Vogelstang-Center' an der Fußgängerquerung die Gleise der Straßenbahn. Dabei wurde er von einem ebenfalls dort verkehrenden Linienbus erfasst und stürzte zu Boden. Er zog sich hierbei schwere Verletzungen an Kopf und Oberkörper zu. Er wurde zur Behandlung in ein Krankenhaus eingeliefert. Nach Auskunft der Ärzte ist sein Zustand ernst. Nach ersten Erkenntnissen hatte der Mann keinen Fahrradhelm getragen. Die Fahrerin des Busses kam mit dem Schrecken davon und blieb unverletzt. Fahrgäste des Busses kamen ebenfalls nicht zu Schaden. Anmerkung: Später im Krankenhaus verstorben.,Vogelstang,Einbiegen / Kreuzen-Unfall,"Fahrrad, Tram/Bus (bis 2017 auch LKW)",Zusammenstoß mit einbiegendem / kreuzendem Fahrzeug
183629.0,2021,6,4,2,Unfall mit Leichtverletzten,5.0,3.0,2.0,1.0,0.0,0.0,0.0,0.0,"8,485511980000069","49,526389613000049",,,Einbiegen / Kreuzen-Unfall,"Fahrrad, Pkw",Zusammenstoß mit einbiegendem / kreuzendem Fahrzeug
182007.0,2021,6,14,1,Unfall mit Schwerverletzten,0.0,2.0,0.0,1.0,0.0,0.0,0.0,0.0,"8,468651542000032","49,491771492000055",,,Abbiegeunfall,"Fahrrad, Pkw",Unfall anderer Art
181702.0,2021,5,13,7,Unfall mit Leichtverletzten,0.0,7.0,0.0,0.0,0.0,0.0,0.0,0.0,"8,506984551000073","49,499204729000041",,,sonstiger Unfall,Fahrrad,Unfall anderer Art
182545.0,2021,5,13,7,Unfall mit Leichtverletzten,3.0,2.0,0.0,1.0,0.0,0.0,0.0,0.0,"8,467120126000054","49,486367963000077",,,Abbiegeunfall,"Fahrrad, Pkw",Zusammenstoß mit seitlich in gleicher Richtung fahrendem Fahrzeug
181375.0,2021,5,10,7,Unfall mit Leichtverletzten,2.0,6.0,0.0,0.0,0.0,0.0,0.0,0.0,"8,478778292000072","49,460500020000040",,,Unfall im Längsverkehr,Fahrrad,Zusammenstoß mit vorausfahrendem / wartendem Fahrzeug
182299.0,2021,5,19,6,Unfall mit Leichtverletzten,5.0,3.0,0.0,1.0,0.0,0.0,0.0,0.0,"8,475053267000021","49,516368740000075",,,Einbiegen / Kreuzen-Unfall,"Fahrrad, Pkw",Zusammenstoß mit einbiegendem / kreuzendem Fahrzeug
182540.0,2021,5,16,6,Unfall mit Schwerverletzten,5.0,3.0,0.0,1.0,0.0,0.0,0.0,0.0,"8,458328690000030","49,545797436000043",,,Einbiegen / Kreuzen-Unfall,"Fahrrad, Pkw",Zusammenstoß mit einbiegendem / kreuzendem Fahrzeug
182671.0,2021,5,10,6,Unfall mit Schwerverletzten,5.0,3.0,0.0,1.0,0.0,0.0,0.0,0.0,"8,480272806000073","49,460050520000038",,,Einbiegen / Kreuzen-Unfall,"Fahrrad, Pkw",Zusammenstoß mit einbiegendem / kreuzendem Fahrzeug
182471.0,2021,5,16,5,Unfall mit Leichtverletzten,0.0,7.0,0.0,0.0,0.0,0.0,0.0,0.0,"8,448196536000069","49,508080131000042",,,sonstiger Unfall,Fahrrad,Unfall anderer Art
181748.0,2021,5,14,5,Unfall mit Leichtverletzten,0.0,1.0,0.0,0.0,0.0,0.0,0.0,0.0,"8,468906627000024","49,473830330000055",,,Fahrunfall,Fahrrad,Unfall anderer Art
181261.0,2021,5,8,3,Unfall mit Leichtverletzten,5.0,3.0,0.0,1.0,0.0,0.0,0.0,0.0,"8,480961625000020","49,539125202000037",,,Einbiegen / Kreuzen-Unfall,"Fahrrad, Pkw",Zusammenstoß mit einbiegendem / kreuzendem Fahrzeug
181651.0,2021,5,8,3,Unfall mit Leichtverletzten,5.0,2.0,0.0,1.0,0.0,0.0,0.0,0.0,"8,475089237000077","49,497999355000047",,,Abbiegeunfall,"Fahrrad, Pkw",Zusammenstoß mit einbiegendem / kreuzendem Fahrzeug
181795.0,2021,5,13,2,Unfall mit Leichtverletzten,5.0,3.0,0.0,1.0,0.0,0.0,0.0,0.0,"8,484681047000038","49,467990473000043",,,Einbiegen / Kreuzen-Unfall,"Fahrrad, Pkw",Zusammenstoß mit einbiegendem / kreuzendem Fahrzeug
182645.0,2021,5,12,1,Unfall mit Leichtverletzten,0.0,3.0,0.0,1.0,0.0,0.0,0.0,0.0,"8,469128297000054","49,498393977000035",,,Einbiegen / Kreuzen-Unfall,"Fahrrad, Pkw",Unfall anderer Art
180886.0,2021,5,11,1,Unfall mit Leichtverletzten,0.0,7.0,0.0,0.0,0.0,0.0,0.0,0.0,"8,471184794000067","49,479262647000041",,,sonstiger Unfall,Fahrrad,Unfall anderer Art