OBJECTID,UJAHR,UMONAT,USTUNDE,UWOCHENTAG,UKATEGORIE,UART,UTYP1,ULICHTVERH,IstPKW,IstFuss,IstKrad,IstGkfz,IstSonstige,XGCSWGS84,YGCSWGS84,Kommentar,Stadtteil,typ,involved,art
15543.0,2020,7,16,3,Unfall mit Getöteten,0.0,1.0,0.0,0.0,0.0,0.0,0.0,0.0,"8,456715756000051","49,491373498000030","28.07.2020: Der Polizei wurde am Freitagvormittag durch ein Krankenhaus in Mannheim gemeldet, dass ein 63-jähriger Patient verstorben sei, der offenbar am Dienstag, 28.07.2020 in der Mannheimer Innenstadt einen Verkehrsunfall hatte. Der Unfall wurde der Polizei bislang nicht gemeldet. Nach derzeitigem Erkenntnisstand soll der 63-Jährige mit seinem Fahrrad die Rheinstraße befahren haben und sei dabei alleinbeteiligt von Rad gestürzt. Hierbei zog er sich offenbar einen Beckenbruch zu. Er wurde von Rettungskräften in eine Klinik eingeliefert, wo er, nachdem sich sein Zustand immer weiter verschlechtert hatte, am frühen Freitagmorgen seinen schweren Verletzungen erlegen ist und verstarb.",Innenstadt,Fahrunfall,Fahrrad,Unfall anderer Art
152099.0,2020,7,15,3,Unfall mit Leichtverletzten,4.0,7.0,0.0,0.0,0.0,1.0,0.0,0.0,"8,473208907000071","49,481464212000049",,,sonstiger Unfall,"Fahrrad, Kraftrad",Zusammenstoß mit entgegenkommendem Fahrzeug
152111.0,2020,7,15,3,Unfall mit Schwerverletzten,5.0,3.0,0.0,0.0,0.0,1.0,0.0,0.0,"8,527292056000022","49,513907905000053",,,Einbiegen / Kreuzen-Unfall,"Fahrrad, Kraftrad",Zusammenstoß mit einbiegendem / kreuzendem Fahrzeug
151826.0,2020,7,14,3,Unfall mit Leichtverletzten,4.0,2.0,0.0,1.0,0.0,0.0,0.0,0.0,"8,479672107000056","49,479412706000062",,,Abbiegeunfall,"Fahrrad, Pkw",Zusammenstoß mit entgegenkommendem Fahrzeug
152522.0,2020,7,14,3,Unfall mit Leichtverletzten,5.0,3.0,0.0,0.0,0.0,0.0,0.0,1.0,"8,491153662000045","49,499642974000039",,,Einbiegen / Kreuzen-Unfall,"Fahrrad, Tram/Bus (bis 2017 auch LKW)",Zusammenstoß mit einbiegendem / kreuzendem Fahrzeug
151841.0,2020,7,13,3,Unfall mit Leichtverletzten,0.0,7.0,0.0,1.0,0.0,0.0,0.0,0.0,"8,523969360000024","49,433235745000047",,,sonstiger Unfall,"Fahrrad, Pkw",Unfall anderer Art
152259.0,2020,7,13,3,Unfall mit Leichtverletzten,5.0,3.0,0.0,1.0,0.0,0.0,0.0,0.0,"8,493684452000025","49,500808890000030",,,Einbiegen / Kreuzen-Unfall,"Fahrrad, Pkw",Zusammenstoß mit einbiegendem / kreuzendem Fahrzeug
152595.0,2020,7,19,2,Unfall mit Schwerverletzten,5.0,3.0,0.0,1.0,0.0,0.0,0.0,0.0,"8,476276767000059","49,488715818000060",,,Einbiegen / Kreuzen-Unfall,"Fahrrad, Pkw",Zusammenstoß mit einbiegendem / kreuzendem Fahrzeug
152212.0,2020,7,16,2,Unfall mit Leichtverletzten,0.0,3.0,0.0,1.0,0.0,0.0,0.0,0.0,"8,460077650000073","49,493072808000079",,,Einbiegen / Kreuzen-Unfall,"Fahrrad, Pkw",Unfall anderer Art
152054.0,2020,7,14,2,Unfall mit Leichtverletzten,0.0,7.0,0.0,0.0,0.0,0.0,1.0,0.0,"8,519375023000066","49,505494898000052",,,sonstiger Unfall,"Fahrrad, LKW",Unfall anderer Art
152525.0,2020,7,14,2,Unfall mit Leichtverletzten,5.0,3.0,0.0,1.0,0.0,0.0,0.0,0.0,"8,510446707000028","49,446608725000033",,,Einbiegen / Kreuzen-Unfall,"Fahrrad, Pkw",Zusammenstoß mit einbiegendem / kreuzendem Fahrzeug
151610.0,2020,7,10,2,Unfall mit Leichtverletzten,3.0,2.0,0.0,0.0,0.0,0.0,0.0,1.0,"8,536046944000077","49,420135055000060",,,Abbiegeunfall,"Fahrrad, Tram/Bus (bis 2017 auch LKW)",Zusammenstoß mit seitlich in gleicher Richtung fahrendem Fahrzeug
14180.0,2020,7,7,2,Unfall mit Leichtverletzten,5.0,3.0,0.0,1.0,0.0,0.0,0.0,0.0,"8,462235149000037","49,484784019000074",,,Einbiegen / Kreuzen-Unfall,"Fahrrad, Pkw",Zusammenstoß mit einbiegendem / kreuzendem Fahrzeug
152511.0,2020,7,23,1,Unfall mit Leichtverletzten,5.0,3.0,2.0,1.0,0.0,0.0,0.0,0.0,"8,477309723000076","49,497383403000072",,,Einbiegen / Kreuzen-Unfall,"Fahrrad, Pkw",Zusammenstoß mit einbiegendem / kreuzendem Fahrzeug
151548.0,2020,7,19,1,Unfall mit Leichtverletzten,3.0,6.0,0.0,1.0,0.0,0.0,0.0,0.0,"8,459869725000033","49,495020744000044",,,Unfall im Längsverkehr,"Fahrrad, Pkw",Zusammenstoß mit seitlich in gleicher Richtung fahrendem Fahrzeug
152352.0,2020,7,16,1,Unfall mit Leichtverletzten,2.0,6.0,0.0,1.0,0.0,0.0,0.0,0.0,"8,492656730000022","49,533091054000067",,,Unfall im Längsverkehr,"Fahrrad, Pkw",Zusammenstoß mit vorausfahrendem / wartendem Fahrzeug
152575.0,2020,7,13,1,Unfall mit Leichtverletzten,0.0,1.0,0.0,0.0,0.0,0.0,0.0,0.0,"8,524738754000055","49,421538740000074",,,Fahrunfall,Fahrrad,Unfall anderer Art
152105.0,2020,7,8,1,Unfall mit Leichtverletzten,5.0,3.0,0.0,1.0,0.0,0.0,0.0,0.0,"8,519167207000066","49,490234340000029",,,Einbiegen / Kreuzen-Unfall,"Fahrrad, Pkw",Zusammenstoß mit einbiegendem / kreuzendem Fahrzeug
150460.0,2020,6,12,7,Unfall mit Leichtverletzten,3.0,2.0,0.0,1.0,0.0,0.0,0.0,0.0,"8,479144846000054","49,452953937000075",,,Abbiegeunfall,"Fahrrad, Pkw",Zusammenstoß mit seitlich in gleicher Richtung fahrendem Fahrzeug
150665.0,2020,6,10,7,Unfall mit Leichtverletzten,1.0,5.0,0.0,1.0,0.0,0.0,0.0,0.0,"8,483713194000075","49,495837975000029",,,Unfall durch ruhenden Verkehr,"Fahrrad, Pkw",Zusammenstoß mit anfahrendem/ anhaltendem/ ruhendem Fahrzeug
150625.0,2020,6,12,6,Unfall mit Leichtverletzten,5.0,7.0,0.0,1.0,0.0,0.0,0.0,0.0,"8,477296812000077","49,499534444000062",,,sonstiger Unfall,"Fahrrad, Pkw",Zusammenstoß mit einbiegendem / kreuzendem Fahrzeug
150251.0,2020,6,13,5,Unfall mit Leichtverletzten,0.0,7.0,0.0,0.0,0.0,0.0,0.0,0.0,"8,471551013000067","49,493246035000027",,,sonstiger Unfall,Fahrrad,Unfall anderer Art
151107.0,2020,6,10,5,Unfall mit Leichtverletzten,0.0,7.0,0.0,0.0,0.0,0.0,0.0,0.0,"8,525510939000071","49,423097056000074",,,sonstiger Unfall,Fahrrad,Unfall anderer Art
150333.0,2020,6,17,4,Unfall mit Leichtverletzten,5.0,3.0,0.0,1.0,0.0,0.0,0.0,0.0,"8,484523475000060","49,468078985000034",,,Einbiegen / Kreuzen-Unfall,"Fahrrad, Pkw",Zusammenstoß mit einbiegendem / kreuzendem Fahrzeug
151233.0,2020,6,10,4,Unfall mit Leichtverletzten,5.0,3.0,0.0,1.0,0.0,0.0,0.0,0.0,"8,491554359000077","49,454425420000064",,,Einbiegen / Kreuzen-Unfall,"Fahrrad, Pkw",Zusammenstoß mit einbiegendem / kreuzendem Fahrzeug
150332.0,2020,6,9,4,Unfall mit Leichtverletzten,0.0,5.0,0.0,1.0,0.0,0.0,0.0,0.0,"8,488010577000068","49,527160920000028",,,Unfall durch ruhenden Verkehr,"Fahrrad, Pkw",Unfall anderer Art
150335.0,2020,6,8,4,Unfall mit Schwerverletzten,5.0,3.0,0.0,1.0,0.0,0.0,0.0,0.0,"8,479541422000068","49,475359181000044",,,Einbiegen / Kreuzen-Unfall,"Fahrrad, Pkw",Zusammenstoß mit einbiegendem / kreuzendem Fahrzeug
150552.0,2020,6,18,3,Unfall mit Schwerverletzten,6.0,7.0,1.0,0.0,1.0,0.0,0.0,0.0,"8,468186802000048","49,479774574000032",,,sonstiger Unfall,"Fahrrad, Fußgänger",Zusammenstoß zwischen Fahrzeug und Fußgänger
150807.0,2020,6,18,3,Unfall mit Schwerverletzten,5.0,3.0,0.0,1.0,0.0,0.0,0.0,0.0,"8,458328654000070","49,545797535000077",,,Einbiegen / Kreuzen-Unfall,"Fahrrad, Pkw",Zusammenstoß mit einbiegendem / kreuzendem Fahrzeug
150447.0,2020,6,16,3,Unfall mit Leichtverletzten,0.0,5.0,0.0,1.0,0.0,0.0,0.0,0.0,"8,489840435000076","49,453658862000054",,,Unfall durch ruhenden Verkehr,"Fahrrad, Pkw",Unfall anderer Art
150813.0,2020,6,15,3,Unfall mit Leichtverletzten,3.0,6.0,0.0,1.0,0.0,0.0,0.0,0.0,"8,515119458000072","49,507469835000052",,,Unfall im Längsverkehr,"Fahrrad, Pkw",Zusammenstoß mit seitlich in gleicher Richtung fahrendem Fahrzeug
151104.0,2020,6,15,3,Unfall mit Leichtverletzten,5.0,3.0,0.0,1.0,0.0,0.0,0.0,0.0,"8,460230804000048","49,519133199000066",,,Einbiegen / Kreuzen-Unfall,"Fahrrad, Pkw",Zusammenstoß mit einbiegendem / kreuzendem Fahrzeug
151260.0,2020,6,14,3,Unfall mit Leichtverletzten,6.0,7.0,0.0,0.0,1.0,0.0,0.0,0.0,"8,495387546000075","49,521362646000057",,,sonstiger Unfall,"Fahrrad, Fußgänger",Zusammenstoß zwischen Fahrzeug und Fußgänger
150818.0,2020,6,7,3,Unfall mit Leichtverletzten,0.0,6.0,0.0,1.0,0.0,0.0,0.0,0.0,"8,564467375000049","49,466159468000058",,,Unfall im Längsverkehr,"Fahrrad, Pkw",Unfall anderer Art
150453.0,2020,6,6,3,Unfall mit Leichtverletzten,3.0,6.0,0.0,0.0,0.0,0.0,1.0,0.0,"8,514418056000068","49,433751153000060",,,Unfall im Längsverkehr,"Fahrrad, LKW",Zusammenstoß mit seitlich in gleicher Richtung fahrendem Fahrzeug
150655.0,2020,6,5,3,Unfall mit Leichtverletzten,3.0,2.0,0.0,0.0,0.0,0.0,1.0,0.0,"8,519215303000067","49,423009335000074",,,Abbiegeunfall,"Fahrrad, LKW",Zusammenstoß mit seitlich in gleicher Richtung fahrendem Fahrzeug
151533.0,2020,6,21,2,Unfall mit Leichtverletzten,6.0,7.0,0.0,0.0,1.0,0.0,0.0,0.0,"8,466161764000049","49,490676528000051",,,sonstiger Unfall,"Fahrrad, Fußgänger",Zusammenstoß zwischen Fahrzeug und Fußgänger
150524.0,2020,6,20,2,Unfall mit Leichtverletzten,5.0,3.0,0.0,1.0,0.0,0.0,0.0,0.0,"8,471167138000055","49,546717470000033",,,Einbiegen / Kreuzen-Unfall,"Fahrrad, Pkw",Zusammenstoß mit einbiegendem / kreuzendem Fahrzeug
12328.0,2020,6,18,2,Unfall mit Leichtverletzten,0.0,3.0,0.0,0.0,0.0,1.0,0.0,0.0,"8,471479580000050","49,481026955000061",,,Einbiegen / Kreuzen-Unfall,"Fahrrad, Kraftrad",Unfall anderer Art
150749.0,2020,6,16,2,Unfall mit Leichtverletzten,5.0,3.0,0.0,0.0,0.0,1.0,0.0,0.0,"8,482891283000072","49,468212949000076",,,Einbiegen / Kreuzen-Unfall,"Fahrrad, Kraftrad",Zusammenstoß mit einbiegendem / kreuzendem Fahrzeug
150528.0,2020,6,11,2,Unfall mit Leichtverletzten,0.0,2.0,0.0,1.0,0.0,0.0,0.0,0.0,"8,497344362000035","49,450589818000026",,,Abbiegeunfall,"Fahrrad, Pkw",Unfall anderer Art
150650.0,2020,6,10,2,Unfall mit Leichtverletzten,5.0,3.0,0.0,1.0,0.0,0.0,0.0,0.0,"8,492222882000021","49,458707651000054",,,Einbiegen / Kreuzen-Unfall,"Fahrrad, Pkw",Zusammenstoß mit einbiegendem / kreuzendem Fahrzeug
13869.0,2020,6,14,1,Unfall mit Leichtverletzten,0.0,3.0,0.0,1.0,0.0,0.0,0.0,0.0,"8,482158624000022","49,524861336000072",,,Einbiegen / Kreuzen-Unfall,"Fahrrad, Pkw",Unfall anderer Art
150219.0,2020,5,13,7,Unfall mit Leichtverletzten,5.0,5.0,0.0,1.0,0.0,0.0,0.0,0.0,"8,476607704000060","49,502743504000080",,,Unfall durch ruhenden Verkehr,"Fahrrad, Pkw",Zusammenstoß mit einbiegendem / kreuzendem Fahrzeug
12613.0,2020,5,16,6,Unfall mit Leichtverletzten,5.0,2.0,0.0,1.0,0.0,0.0,0.0,0.0,"8,480536564000033","49,489351295000063",,,Abbiegeunfall,"Fahrrad, Pkw",Zusammenstoß mit einbiegendem / kreuzendem Fahrzeug
149885.0,2020,5,10,6,Unfall mit Leichtverletzten,5.0,3.0,0.0,1.0,0.0,0.0,0.0,0.0,"8,480905152000048","49,547044855000081",,,Einbiegen / Kreuzen-Unfall,"Fahrrad, Pkw",Zusammenstoß mit einbiegendem / kreuzendem Fahrzeug
11837.0,2020,5,9,6,Unfall mit Leichtverletzten,5.0,2.0,0.0,1.0,0.0,0.0,0.0,0.0,"8,469856372000038","49,481694742000059",,,Abbiegeunfall,"Fahrrad, Pkw",Zusammenstoß mit einbiegendem / kreuzendem Fahrzeug
150183.0,2020,5,23,5,Unfall mit Schwerverletzten,0.0,1.0,2.0,0.0,0.0,0.0,0.0,0.0,"8,514330249000068","49,433793793000063",,,Fahrunfall,Fahrrad,Unfall anderer Art
149762.0,2020,5,14,5,Unfall mit Schwerverletzten,0.0,7.0,0.0,0.0,0.0,0.0,0.0,0.0,"8,533992990000058","49,424660684000060",,,sonstiger Unfall,Fahrrad,Unfall anderer Art
150022.0,2020,5,12,5,Unfall mit Leichtverletzten,0.0,6.0,0.0,1.0,0.0,0.0,0.0,0.0,"8,464710557000046","49,487405159000048",,,Unfall im Längsverkehr,"Fahrrad, Pkw",Unfall anderer Art
149381.0,2020,5,20,4,Unfall mit Leichtverletzten,1.0,5.0,1.0,1.0,0.0,0.0,0.0,0.0,"8,483487602000025","49,500066746000073",,,Unfall durch ruhenden Verkehr,"Fahrrad, Pkw",Zusammenstoß mit anfahrendem/ anhaltendem/ ruhendem Fahrzeug
150167.0,2020,5,14,4,Unfall mit Leichtverletzten,0.0,6.0,0.0,1.0,0.0,0.0,0.0,0.0,"8,533461809000073","49,473593456000060",,,Unfall im Längsverkehr,"Fahrrad, Pkw",Unfall anderer Art
150057.0,2020,5,13,4,Unfall mit Leichtverletzten,1.0,5.0,0.0,1.0,0.0,0.0,0.0,0.0,"8,489942395000071","49,457769173000031",,,Unfall durch ruhenden Verkehr,"Fahrrad, Pkw",Zusammenstoß mit anfahrendem/ anhaltendem/ ruhendem Fahrzeug
149379.0,2020,5,7,4,Unfall mit Leichtverletzten,3.0,6.0,0.0,1.0,0.0,0.0,0.0,0.0,"8,473606013000051","49,518358196000065",,,Unfall im Längsverkehr,"Fahrrad, Pkw",Zusammenstoß mit seitlich in gleicher Richtung fahrendem Fahrzeug
149382.0,2020,5,0,4,Unfall mit Leichtverletzten,5.0,3.0,2.0,1.0,0.0,0.0,0.0,0.0,"8,466303974000027","49,490620917000058",,,Einbiegen / Kreuzen-Unfall,"Fahrrad, Pkw",Zusammenstoß mit einbiegendem / kreuzendem Fahrzeug
149445.0,2020,5,20,3,Unfall mit Leichtverletzten,4.0,3.0,1.0,1.0,0.0,0.0,0.0,0.0,"8,487958484000046","49,458420136000029",,,Einbiegen / Kreuzen-Unfall,"Fahrrad, Pkw",Zusammenstoß mit entgegenkommendem Fahrzeug
11466.0,2020,5,16,3,Unfall mit Leichtverletzten,4.0,6.0,0.0,0.0,0.0,0.0,0.0,1.0,"8,563272003000066","49,465512381000053",,,Unfall im Längsverkehr,"Fahrrad, Tram/Bus (bis 2017 auch LKW)",Zusammenstoß mit entgegenkommendem Fahrzeug
149460.0,2020,5,15,3,Unfall mit Leichtverletzten,1.0,5.0,0.0,1.0,0.0,0.0,0.0,0.0,"8,468506484000045","49,480878036000036",,,Unfall durch ruhenden Verkehr,"Fahrrad, Pkw",Zusammenstoß mit anfahrendem/ anhaltendem/ ruhendem Fahrzeug
12163.0,2020,5,11,2,Unfall mit Leichtverletzten,5.0,2.0,0.0,1.0,0.0,0.0,0.0,0.0,"8,487472305000040","49,475224465000053",,,Abbiegeunfall,"Fahrrad, Pkw",Zusammenstoß mit einbiegendem / kreuzendem Fahrzeug
12013.0,2020,5,0,2,Unfall mit Leichtverletzten,0.0,7.0,2.0,0.0,0.0,0.0,0.0,0.0,"8,472015321000072","49,482057009000073",,,sonstiger Unfall,Fahrrad,Unfall anderer Art
150105.0,2020,5,19,1,Unfall mit Leichtverletzten,5.0,3.0,0.0,1.0,0.0,0.0,0.0,0.0,"8,581682152000042","49,442973824000035",,,Einbiegen / Kreuzen-Unfall,"Fahrrad, Pkw",Zusammenstoß mit einbiegendem / kreuzendem Fahrzeug
149681.0,2020,5,18,1,Unfall mit Schwerverletzten,5.0,5.0,0.0,1.0,0.0,0.0,0.0,0.0,"8,575718404000043","49,440503457000034",,,Unfall durch ruhenden Verkehr,"Fahrrad, Pkw",Zusammenstoß mit einbiegendem / kreuzendem Fahrzeug
149193.0,2020,4,20,7,Unfall mit Leichtverletzten,0.0,5.0,0.0,0.0,0.0,0.0,0.0,0.0,"8,481219130000056","49,479524987000048",,,Unfall durch ruhenden Verkehr,Fahrrad,Unfall anderer Art
148521.0,2020,4,10,7,Unfall mit Leichtverletzten,5.0,3.0,0.0,1.0,0.0,0.0,0.0,0.0,"8,451223389000063","49,545260410000026",,,Einbiegen / Kreuzen-Unfall,"Fahrrad, Pkw",Zusammenstoß mit einbiegendem / kreuzendem Fahrzeug
148822.0,2020,4,17,6,Unfall mit Leichtverletzten,0.0,7.0,0.0,0.0,0.0,0.0,0.0,0.0,"8,474126683000065","49,544417994000071",,,sonstiger Unfall,Fahrrad,Unfall anderer Art
148831.0,2020,4,17,6,Unfall mit Leichtverletzten,5.0,3.0,0.0,1.0,0.0,0.0,0.0,0.0,"8,493864350000024","49,455825809000032",,,Einbiegen / Kreuzen-Unfall,"Fahrrad, Pkw",Zusammenstoß mit einbiegendem / kreuzendem Fahrzeug
148815.0,2020,4,18,5,Unfall mit Schwerverletzten,5.0,3.0,0.0,1.0,0.0,0.0,0.0,0.0,"8,482290598000077","49,454057887000033",,,Einbiegen / Kreuzen-Unfall,"Fahrrad, Pkw",Zusammenstoß mit einbiegendem / kreuzendem Fahrzeug
148488.0,2020,4,9,5,Unfall mit Schwerverletzten,1.0,5.0,0.0,1.0,0.0,0.0,0.0,0.0,"8,466153588000054","49,464988611000081",,,Unfall durch ruhenden Verkehr,"Fahrrad, Pkw",Zusammenstoß mit anfahrendem/ anhaltendem/ ruhendem Fahrzeug
148804.0,2020,4,7,5,Unfall mit Leichtverletzten,5.0,2.0,0.0,0.0,0.0,0.0,0.0,1.0,"8,485963158000061","49,466395494000039",,,Abbiegeunfall,"Fahrrad, Tram/Bus (bis 2017 auch LKW)",Zusammenstoß mit einbiegendem / kreuzendem Fahrzeug
149140.0,2020,4,5,4,Unfall mit Schwerverletzten,3.0,6.0,0.0,1.0,0.0,0.0,0.0,0.0,"8,496759573000077","49,452071046000071",,,Unfall im Längsverkehr,"Fahrrad, Pkw",Zusammenstoß mit seitlich in gleicher Richtung fahrendem Fahrzeug
148659.0,2020,4,15,3,Unfall mit Leichtverletzten,1.0,5.0,0.0,1.0,0.0,0.0,0.0,0.0,"8,464273396000067","49,485673536000036",,,Unfall durch ruhenden Verkehr,"Fahrrad, Pkw",Zusammenstoß mit anfahrendem/ anhaltendem/ ruhendem Fahrzeug
148277.0,2020,4,17,2,Unfall mit Leichtverletzten,5.0,3.0,0.0,1.0,0.0,0.0,0.0,0.0,"8,481026278000059","49,539125347000038",,,Einbiegen / Kreuzen-Unfall,"Fahrrad, Pkw",Zusammenstoß mit einbiegendem / kreuzendem Fahrzeug
10586.0,2020,4,14,2,Unfall mit Leichtverletzten,0.0,7.0,0.0,0.0,0.0,0.0,0.0,0.0,"8,477877015000047","49,487619978000055",,,sonstiger Unfall,Fahrrad,Unfall anderer Art
148428.0,2020,4,14,2,Unfall mit Leichtverletzten,2.0,2.0,0.0,0.0,0.0,0.0,0.0,1.0,"8,536286940000025","49,421624442000052",,,Abbiegeunfall,"Fahrrad, Tram/Bus (bis 2017 auch LKW)",Zusammenstoß mit vorausfahrendem / wartendem Fahrzeug
148976.0,2020,4,8,2,Unfall mit Leichtverletzten,0.0,7.0,0.0,0.0,0.0,0.0,0.0,1.0,"8,471581451000077","49,493483050000066",,,sonstiger Unfall,"Fahrrad, Tram/Bus (bis 2017 auch LKW)",Unfall anderer Art
10835.0,2020,4,18,1,Unfall mit Leichtverletzten,5.0,3.0,0.0,1.0,0.0,1.0,0.0,0.0,"8,484388589000048","49,493978232000075",,,Einbiegen / Kreuzen-Unfall,"Fahrrad, Pkw, Kraftrad",Zusammenstoß mit einbiegendem / kreuzendem Fahrzeug
148909.0,2020,4,13,1,Unfall mit Leichtverletzten,3.0,6.0,0.0,1.0,0.0,0.0,0.0,0.0,"8,558251638000058","49,469628023000041",,,Unfall im Längsverkehr,"Fahrrad, Pkw",Zusammenstoß mit seitlich in gleicher Richtung fahrendem Fahrzeug
148057.0,2020,3,15,7,Unfall mit Schwerverletzten,1.0,5.0,0.0,1.0,0.0,0.0,0.0,0.0,"8,541430580000053","49,484986129000049",,,Unfall durch ruhenden Verkehr,"Fahrrad, Pkw",Zusammenstoß mit anfahrendem/ anhaltendem/ ruhendem Fahrzeug
148429.0,2020,3,14,6,Unfall mit Leichtverletzten,3.0,7.0,0.0,0.0,0.0,0.0,0.0,1.0,"8,490793960000076","49,530881736000026",,,sonstiger Unfall,"Fahrrad, Tram/Bus (bis 2017 auch LKW)",Zusammenstoß mit seitlich in gleicher Richtung fahrendem Fahrzeug
147769.0,2020,3,10,6,Unfall mit Leichtverletzten,0.0,7.0,0.0,0.0,0.0,0.0,0.0,0.0,"8,464238973000022","49,485636885000076",,,sonstiger Unfall,Fahrrad,Unfall anderer Art
147780.0,2020,3,20,5,Unfall mit Leichtverletzten,5.0,3.0,2.0,1.0,0.0,0.0,0.0,0.0,"8,506225669000060","49,507394810000051",,,Einbiegen / Kreuzen-Unfall,"Fahrrad, Pkw",Zusammenstoß mit einbiegendem / kreuzendem Fahrzeug
147789.0,2020,3,11,5,Unfall mit Leichtverletzten,5.0,3.0,0.0,1.0,0.0,0.0,0.0,0.0,"8,483737407000035","49,497370366000041",,,Einbiegen / Kreuzen-Unfall,"Fahrrad, Pkw",Zusammenstoß mit einbiegendem / kreuzendem Fahrzeug
147889.0,2020,3,9,5,Unfall mit Leichtverletzten,5.0,3.0,0.0,1.0,0.0,0.0,0.0,0.0,"8,469481475000066","49,464757614000064",,,Einbiegen / Kreuzen-Unfall,"Fahrrad, Pkw",Zusammenstoß mit einbiegendem / kreuzendem Fahrzeug
147883.0,2020,3,11,3,Unfall mit Schwerverletzten,0.0,5.0,0.0,0.0,0.0,0.0,0.0,1.0,"8,469997159000059","49,505285724000032",,,Unfall durch ruhenden Verkehr,"Fahrrad, Tram/Bus (bis 2017 auch LKW)",Unfall anderer Art
147887.0,2020,3,7,3,Unfall mit Leichtverletzten,3.0,6.0,0.0,1.0,0.0,0.0,0.0,0.0,"8,541755242000022","49,490107075000026",,,Unfall im Längsverkehr,"Fahrrad, Pkw",Zusammenstoß mit seitlich in gleicher Richtung fahrendem Fahrzeug
147486.0,2020,3,19,2,Unfall mit Schwerverletzten,0.0,7.0,2.0,0.0,0.0,0.0,0.0,0.0,"8,480627455000047","49,479870429000073",,,sonstiger Unfall,Fahrrad,Unfall anderer Art
148362.0,2020,3,12,2,Unfall mit Leichtverletzten,3.0,2.0,0.0,0.0,0.0,0.0,0.0,1.0,"8,495676411000034","49,499087847000055",,,Abbiegeunfall,"Fahrrad, Tram/Bus (bis 2017 auch LKW)",Zusammenstoß mit seitlich in gleicher Richtung fahrendem Fahrzeug
148153.0,2020,3,11,2,Unfall mit Leichtverletzten,5.0,3.0,0.0,1.0,0.0,0.0,0.0,0.0,"8,489266176000058","49,522593074000042",,,Einbiegen / Kreuzen-Unfall,"Fahrrad, Pkw",Zusammenstoß mit einbiegendem / kreuzendem Fahrzeug
148006.0,2020,3,7,1,Unfall mit Schwerverletzten,3.0,6.0,0.0,1.0,0.0,0.0,0.0,0.0,"8,471406570000056","49,525075732000062",,,Unfall im Längsverkehr,"Fahrrad, Pkw",Zusammenstoß mit seitlich in gleicher Richtung fahrendem Fahrzeug
147596.0,2020,2,12,7,Unfall mit Leichtverletzten,1.0,5.0,0.0,1.0,0.0,0.0,0.0,0.0,"8,482066836000058","49,478702906000080",,,Unfall durch ruhenden Verkehr,"Fahrrad, Pkw",Zusammenstoß mit anfahrendem/ anhaltendem/ ruhendem Fahrzeug
147502.0,2020,2,13,6,Unfall mit Leichtverletzten,5.0,5.0,0.0,1.0,0.0,0.0,0.0,0.0,"8,488687315000050","49,463112076000073",,,Unfall durch ruhenden Verkehr,"Fahrrad, Pkw",Zusammenstoß mit einbiegendem / kreuzendem Fahrzeug
147597.0,2020,2,9,6,Unfall mit Leichtverletzten,3.0,5.0,0.0,1.0,0.0,0.0,0.0,0.0,"8,484127402000070","49,496606072000077",,,Unfall durch ruhenden Verkehr,"Fahrrad, Pkw",Zusammenstoß mit seitlich in gleicher Richtung fahrendem Fahrzeug
147058.0,2020,2,18,4,Unfall mit Leichtverletzten,5.0,2.0,0.0,1.0,0.0,0.0,0.0,0.0,"8,475763220000033","49,481233060000079",,,Abbiegeunfall,"Fahrrad, Pkw",Zusammenstoß mit einbiegendem / kreuzendem Fahrzeug
147062.0,2020,2,17,4,Unfall mit Leichtverletzten,5.0,3.0,0.0,1.0,0.0,0.0,0.0,0.0,"8,492687913000054","49,476317935000054",,,Einbiegen / Kreuzen-Unfall,"Fahrrad, Pkw",Zusammenstoß mit einbiegendem / kreuzendem Fahrzeug
147060.0,2020,2,15,4,Unfall mit Leichtverletzten,3.0,2.0,0.0,1.0,0.0,0.0,0.0,0.0,"8,501740619000032","49,519590741000059",,,Abbiegeunfall,"Fahrrad, Pkw",Zusammenstoß mit seitlich in gleicher Richtung fahrendem Fahrzeug
146965.0,2020,2,15,3,Unfall mit Leichtverletzten,3.0,2.0,0.0,1.0,0.0,0.0,0.0,0.0,"8,465412006000065","49,488167530000055",,,Abbiegeunfall,"Fahrrad, Pkw",Zusammenstoß mit seitlich in gleicher Richtung fahrendem Fahrzeug