OBJECTID,UJAHR,UMONAT,USTUNDE,UWOCHENTAG,UKATEGORIE,UART,UTYP1,ULICHTVERH,IstPKW,IstFuss,IstKrad,IstGkfz,IstSonstige,XGCSWGS84,YGCSWGS84,Kommentar,Stadtteil,typ,involved,art
147031.0,2020,2,13,3,Unfall mit Leichtverletzten,5.0,3.0,0.0,1.0,0.0,0.0,0.0,0.0,"8,463648741000043","49,485285463000025",,,Einbiegen / Kreuzen-Unfall,"Fahrrad, Pkw",Zusammenstoß mit einbiegendem / kreuzendem Fahrzeug
8620.0,2020,2,7,3,Unfall mit Leichtverletzten,5.0,3.0,0.0,1.0,0.0,0.0,0.0,0.0,"8,492577166000046","49,478587380000079",,,Einbiegen / Kreuzen-Unfall,"Fahrrad, Pkw",Zusammenstoß mit einbiegendem / kreuzendem Fahrzeug
146912.0,2020,2,16,2,Unfall mit Leichtverletzten,3.0,6.0,0.0,0.0,0.0,0.0,0.0,0.0,"8,483616265000023","49,489651366000032",,,Unfall im Längsverkehr,Fahrrad,Zusammenstoß mit seitlich in gleicher Richtung fahrendem Fahrzeug
146667.0,2020,2,2,1,Unfall mit Leichtverletzten,5.0,3.0,2.0,1.0,0.0,0.0,0.0,0.0,"8,473372891000054","49,495383255000036",,,Einbiegen / Kreuzen-Unfall,"Fahrrad, Pkw",Zusammenstoß mit einbiegendem / kreuzendem Fahrzeug
145860.0,2020,1,17,7,Unfall mit Leichtverletzten,5.0,5.0,1.0,1.0,0.0,0.0,0.0,0.0,"8,497958006000033","49,502942969000060",,,Unfall durch ruhenden Verkehr,"Fahrrad, Pkw",Zusammenstoß mit einbiegendem / kreuzendem Fahrzeug
146134.0,2020,1,12,7,Unfall mit Leichtverletzten,1.0,5.0,0.0,1.0,0.0,0.0,0.0,0.0,"8,495437384000070","49,529910899000072",,,Unfall durch ruhenden Verkehr,"Fahrrad, Pkw",Zusammenstoß mit anfahrendem/ anhaltendem/ ruhendem Fahrzeug
146379.0,2020,1,9,7,Unfall mit Leichtverletzten,2.0,6.0,0.0,1.0,0.0,0.0,0.0,0.0,"8,468305833000045","49,491286718000026",,,Unfall im Längsverkehr,"Fahrrad, Pkw",Zusammenstoß mit vorausfahrendem / wartendem Fahrzeug
145832.0,2020,1,14,6,Unfall mit Leichtverletzten,5.0,3.0,0.0,1.0,0.0,0.0,0.0,0.0,"8,481077549000077","49,456818446000057",,,Einbiegen / Kreuzen-Unfall,"Fahrrad, Pkw",Zusammenstoß mit einbiegendem / kreuzendem Fahrzeug
146330.0,2020,1,14,6,Unfall mit Leichtverletzten,5.0,3.0,0.0,1.0,0.0,0.0,0.0,0.0,"8,480155118000027","49,480994368000040",,,Einbiegen / Kreuzen-Unfall,"Fahrrad, Pkw",Zusammenstoß mit einbiegendem / kreuzendem Fahrzeug
146324.0,2020,1,11,6,Unfall mit Leichtverletzten,1.0,5.0,0.0,1.0,0.0,0.0,0.0,0.0,"8,549387809000052","49,496082223000030",,,Unfall durch ruhenden Verkehr,"Fahrrad, Pkw",Zusammenstoß mit anfahrendem/ anhaltendem/ ruhendem Fahrzeug
146551.0,2020,1,22,5,Unfall mit Leichtverletzten,3.0,2.0,2.0,1.0,0.0,0.0,0.0,0.0,"8,457430697000063","49,513895732000037",,,Abbiegeunfall,"Fahrrad, Pkw",Zusammenstoß mit seitlich in gleicher Richtung fahrendem Fahrzeug
146232.0,2020,1,19,5,Unfall mit Leichtverletzten,5.0,2.0,2.0,1.0,0.0,0.0,0.0,0.0,"8,493079783000042","49,521809686000040",,,Abbiegeunfall,"Fahrrad, Pkw",Zusammenstoß mit einbiegendem / kreuzendem Fahrzeug
146644.0,2020,1,18,5,Unfall mit Leichtverletzten,3.0,6.0,2.0,1.0,0.0,0.0,0.0,0.0,"8,471586982000076","49,488552582000068",,,Unfall im Längsverkehr,"Fahrrad, Pkw",Zusammenstoß mit seitlich in gleicher Richtung fahrendem Fahrzeug
146030.0,2020,1,8,5,Unfall mit Leichtverletzten,0.0,7.0,0.0,0.0,0.0,0.0,0.0,0.0,"8,552543432000050","49,510109057000079",,,sonstiger Unfall,Fahrrad,Unfall anderer Art
146700.0,2020,1,9,4,Unfall mit Leichtverletzten,0.0,7.0,0.0,0.0,0.0,0.0,0.0,0.0,"8,474946591000048","49,465505741000072",,,sonstiger Unfall,Fahrrad,Unfall anderer Art
6601.0,2020,1,17,3,Unfall mit Leichtverletzten,1.0,6.0,2.0,1.0,0.0,0.0,0.0,0.0,"8,473120314000028","49,482709352000029",,,Unfall im Längsverkehr,"Fahrrad, Pkw",Zusammenstoß mit anfahrendem/ anhaltendem/ ruhendem Fahrzeug
146831.0,2020,1,18,2,Unfall mit Leichtverletzten,5.0,3.0,2.0,1.0,0.0,0.0,0.0,0.0,"8,479046336000067","49,460448158000077",,,Einbiegen / Kreuzen-Unfall,"Fahrrad, Pkw",Zusammenstoß mit einbiegendem / kreuzendem Fahrzeug
146467.0,2020,1,2,1,Unfall mit Schwerverletzten,0.0,7.0,2.0,0.0,0.0,0.0,0.0,0.0,"8,465118229000041","49,498956912000040",,,sonstiger Unfall,Fahrrad,Unfall anderer Art
185438.0,2019,12,18,7,Unfall mit Leichtverletzten,1.0,5.0,2.0,1.0,0.0,0.0,0.0,0.0,"8,468392990000041","49,491383294000059",,,Unfall durch ruhenden Verkehr,"Fahrrad, Pkw",Zusammenstoß mit anfahrendem/ anhaltendem/ ruhendem Fahrzeug
185771.0,2019,12,12,6,Unfall mit Leichtverletzten,5.0,3.0,0.0,0.0,0.0,0.0,0.0,1.0,"8,498930766000058","49,453784132000067",,,Einbiegen / Kreuzen-Unfall,"Fahrrad, Tram/Bus (bis 2017 auch LKW)",Zusammenstoß mit einbiegendem / kreuzendem Fahrzeug
185471.0,2019,12,8,6,Unfall mit Leichtverletzten,3.0,6.0,1.0,1.0,0.0,0.0,0.0,0.0,"8,552645012000028","49,500596471000051",,,Unfall im Längsverkehr,"Fahrrad, Pkw",Zusammenstoß mit seitlich in gleicher Richtung fahrendem Fahrzeug
185527.0,2019,12,11,5,Unfall mit Leichtverletzten,0.0,1.0,0.0,0.0,0.0,0.0,0.0,0.0,"8,488989647000039","49,495519091000062",,,Fahrunfall,Fahrrad,Unfall anderer Art
185305.0,2019,12,22,4,Unfall mit Leichtverletzten,3.0,2.0,2.0,1.0,0.0,0.0,0.0,0.0,"8,475058308000030","49,490641257000050",,,Abbiegeunfall,"Fahrrad, Pkw",Zusammenstoß mit seitlich in gleicher Richtung fahrendem Fahrzeug
40407.0,2019,12,17,4,Unfall mit Schwerverletzten,3.0,2.0,2.0,1.0,0.0,0.0,0.0,0.0,"8,483665660000042","49,493581292000044",,,Abbiegeunfall,"Fahrrad, Pkw",Zusammenstoß mit seitlich in gleicher Richtung fahrendem Fahrzeug
40163.0,2019,12,16,4,Unfall mit Schwerverletzten,5.0,3.0,2.0,1.0,0.0,0.0,0.0,0.0,"8,456001958000059","49,485194322000041",,,Einbiegen / Kreuzen-Unfall,"Fahrrad, Pkw",Zusammenstoß mit einbiegendem / kreuzendem Fahrzeug
185392.0,2019,12,15,4,Unfall mit Leichtverletzten,5.0,3.0,0.0,1.0,0.0,0.0,0.0,0.0,"8,487735327000053","49,479493802000036",,,Einbiegen / Kreuzen-Unfall,"Fahrrad, Pkw",Zusammenstoß mit einbiegendem / kreuzendem Fahrzeug
185067.0,2019,12,15,3,Unfall mit Leichtverletzten,2.0,6.0,0.0,1.0,0.0,0.0,0.0,0.0,"8,479688377000059","49,482707030000029",,,Unfall im Längsverkehr,"Fahrrad, Pkw",Zusammenstoß mit vorausfahrendem / wartendem Fahrzeug
185068.0,2019,12,15,3,Unfall mit Leichtverletzten,5.0,3.0,0.0,1.0,0.0,0.0,0.0,0.0,"8,507860938000022","49,512298757000053",,,Einbiegen / Kreuzen-Unfall,"Fahrrad, Pkw",Zusammenstoß mit einbiegendem / kreuzendem Fahrzeug
185066.0,2019,12,12,3,Unfall mit Schwerverletzten,5.0,3.0,0.0,1.0,0.0,0.0,0.0,0.0,"8,479896341000028","49,484354730000064",,,Einbiegen / Kreuzen-Unfall,"Fahrrad, Pkw",Zusammenstoß mit einbiegendem / kreuzendem Fahrzeug
185065.0,2019,12,11,3,Unfall mit Leichtverletzten,5.0,2.0,0.0,1.0,0.0,0.0,0.0,0.0,"8,496784207000076","49,525753097000063",,,Abbiegeunfall,"Fahrrad, Pkw",Zusammenstoß mit einbiegendem / kreuzendem Fahrzeug
185389.0,2019,12,16,2,Unfall mit Leichtverletzten,3.0,3.0,0.0,0.0,0.0,0.0,0.0,1.0,"8,449501378000036","49,505060421000053",,,Einbiegen / Kreuzen-Unfall,"Fahrrad, Tram/Bus (bis 2017 auch LKW)",Zusammenstoß mit seitlich in gleicher Richtung fahrendem Fahrzeug
185115.0,2019,12,10,2,Unfall mit Leichtverletzten,5.0,3.0,0.0,1.0,0.0,0.0,0.0,0.0,"8,552543432000050","49,510109057000079",,,Einbiegen / Kreuzen-Unfall,"Fahrrad, Pkw",Zusammenstoß mit einbiegendem / kreuzendem Fahrzeug
185116.0,2019,12,10,2,Unfall mit Leichtverletzten,3.0,6.0,0.0,1.0,0.0,0.0,0.0,0.0,"8,472806155000058","49,486050807000026",,,Unfall im Längsverkehr,"Fahrrad, Pkw",Zusammenstoß mit seitlich in gleicher Richtung fahrendem Fahrzeug
184871.0,2019,12,10,1,Unfall mit Leichtverletzten,5.0,3.0,0.0,1.0,0.0,0.0,0.0,0.0,"8,478514657000062","49,460278597000070",,,Einbiegen / Kreuzen-Unfall,"Fahrrad, Pkw",Zusammenstoß mit einbiegendem / kreuzendem Fahrzeug
184925.0,2019,11,19,6,Unfall mit Leichtverletzten,0.0,1.0,2.0,1.0,0.0,0.0,0.0,0.0,"8,477629941000032","49,478322661000050",,,Fahrunfall,"Fahrrad, Pkw",Unfall anderer Art
184037.0,2019,11,15,6,Unfall mit Leichtverletzten,3.0,6.0,0.0,0.0,0.0,0.0,0.0,0.0,"8,469775229000049","49,471465167000076",,,Unfall im Längsverkehr,Fahrrad,Zusammenstoß mit seitlich in gleicher Richtung fahrendem Fahrzeug
184921.0,2019,11,11,6,Unfall mit Leichtverletzten,5.0,3.0,0.0,1.0,0.0,0.0,0.0,0.0,"8,475299650000068","49,546809614000040",,,Einbiegen / Kreuzen-Unfall,"Fahrrad, Pkw",Zusammenstoß mit einbiegendem / kreuzendem Fahrzeug
,2019,11,11,6,Unfall mit Getöteten,,,,,,,,,"8,5478","49,4331","14.11.2019: Ein 61-jähriger Fahrradfahrer verstarb nach einem Sturz vom Fahrrad im Stadtteil Rheinau. Der Mann war nach derzeitigem Kenntnisstand gegen 11.20 Uhr mit seinem Rennrad auf dem Stangenbrunnenweg zwischen Hallenbrücken und Iggelheimer Straße unterwegs. Vermutlich aufgrund plötzlich auftretender gesundheitlicher Problem stürzte er auf die Fahrbahn und zog sich dabei schwere Verletzungen zu. Er nach notärztlicher Erstversorgung und Reanimation vor Ort in ein Krankenhaus eingeliefert, wo er wenig später seinen schweren Verletzungen erlag. Da der Unfallhergang derzeit noch nicht abschließend geklärt werden konnte, sucht die Polizei Zeugen, die den Radfahrer und den Unfall beobachtet haben. Außerdem werden die Personen gesucht, die den Unfall gemeldet und die Reanimation eingeleitet haben.",Rheinau,Unbekannt,Fahrrad,Unbekannt
184920.0,2019,11,9,6,Unfall mit Leichtverletzten,0.0,1.0,0.0,0.0,0.0,0.0,0.0,0.0,"8,495685856000023","49,533374681000055",,,Fahrunfall,Fahrrad,Unfall anderer Art
184078.0,2019,11,19,5,Unfall mit Leichtverletzten,0.0,7.0,2.0,0.0,0.0,0.0,0.0,0.0,"8,470061111000064","49,493159527000046",,,sonstiger Unfall,Fahrrad,Unfall anderer Art
184969.0,2019,11,15,5,Unfall mit Leichtverletzten,5.0,3.0,0.0,0.0,0.0,0.0,1.0,0.0,"8,507394574000045","49,441784008000070",,,Einbiegen / Kreuzen-Unfall,"Fahrrad, LKW",Zusammenstoß mit einbiegendem / kreuzendem Fahrzeug
184118.0,2019,11,18,4,Unfall mit Leichtverletzten,3.0,6.0,2.0,1.0,0.0,0.0,0.0,0.0,"8,474514755000030","49,484484471000030",,,Unfall im Längsverkehr,"Fahrrad, Pkw",Zusammenstoß mit seitlich in gleicher Richtung fahrendem Fahrzeug
185009.0,2019,11,16,4,Unfall mit Leichtverletzten,5.0,3.0,1.0,1.0,0.0,0.0,0.0,0.0,"8,482067179000069","49,480347932000029",,,Einbiegen / Kreuzen-Unfall,"Fahrrad, Pkw",Zusammenstoß mit einbiegendem / kreuzendem Fahrzeug
184389.0,2019,11,14,4,Unfall mit Leichtverletzten,4.0,2.0,0.0,1.0,0.0,0.0,0.0,0.0,"8,475663445000066","49,473556915000074",,,Abbiegeunfall,"Fahrrad, Pkw",Zusammenstoß mit entgegenkommendem Fahrzeug
184674.0,2019,11,14,4,Unfall mit Leichtverletzten,5.0,3.0,0.0,1.0,0.0,0.0,0.0,0.0,"8,490689121000060","49,522277712000061",,,Einbiegen / Kreuzen-Unfall,"Fahrrad, Pkw",Zusammenstoß mit einbiegendem / kreuzendem Fahrzeug
184116.0,2019,11,11,4,Unfall mit Leichtverletzten,0.0,7.0,0.0,0.0,0.0,0.0,0.0,0.0,"8,459916717000056","49,518583841000066",,,sonstiger Unfall,Fahrrad,Unfall anderer Art
184391.0,2019,11,6,4,Unfall mit Leichtverletzten,5.0,5.0,2.0,1.0,0.0,0.0,0.0,0.0,"8,487491153000065","49,464577815000041",,,Unfall durch ruhenden Verkehr,"Fahrrad, Pkw",Zusammenstoß mit einbiegendem / kreuzendem Fahrzeug
39247.0,2019,11,8,3,Unfall mit Leichtverletzten,5.0,3.0,0.0,1.0,0.0,0.0,0.0,0.0,"8,492334056000061","49,500141189000033",,,Einbiegen / Kreuzen-Unfall,"Fahrrad, Pkw",Zusammenstoß mit einbiegendem / kreuzendem Fahrzeug
184719.0,2019,11,6,3,Unfall mit Leichtverletzten,5.0,3.0,2.0,1.0,0.0,0.0,0.0,0.0,"8,477620942000044","49,484305485000050",,,Einbiegen / Kreuzen-Unfall,"Fahrrad, Pkw",Zusammenstoß mit einbiegendem / kreuzendem Fahrzeug
184768.0,2019,11,13,2,Unfall mit Getöteten,5.0,3.0,0.0,0.0,0.0,0.0,0.0,1.0,"8,481685315000050","49,455858481000064","18.11.2019: Nach einem Unfall mit einer Straßenbahn in Mannheim ist eine Fahrradfahrerin am Montag ihren schweren Verletzungen im Krankenhaus erlegen. Wie die Polizei mitteilte, kollidierte die 76-Jährige gegen 13.15 Uhr kurz vor der Haltestelle Rheingoldplatz in der Steubenstraße mit der Tram. Sie soll nach ersten Ermittlungen den dortigen Gleisbereich aus Richtung Sentastraße kommend überquert haben. Die Straßenbahn, die die Steubenstraße in Richtung Rheingoldplatz befuhr, soll sie dabei frontal erfasst haben.",Neckarau,Einbiegen / Kreuzen-Unfall,"Fahrrad, Tram/Bus (bis 2017 auch LKW)",Zusammenstoß mit einbiegendem / kreuzendem Fahrzeug
184212.0,2019,11,10,2,Unfall mit Schwerverletzten,5.0,3.0,0.0,1.0,0.0,0.0,0.0,0.0,"8,481075580000038","49,456817871000055",,,Einbiegen / Kreuzen-Unfall,"Fahrrad, Pkw",Zusammenstoß mit einbiegendem / kreuzendem Fahrzeug
184463.0,2019,11,6,2,Unfall mit Leichtverletzten,2.0,2.0,2.0,1.0,0.0,0.0,0.0,0.0,"8,453495823000026","49,536050467000052",,,Abbiegeunfall,"Fahrrad, Pkw",Zusammenstoß mit vorausfahrendem / wartendem Fahrzeug
184484.0,2019,11,13,1,Unfall mit Leichtverletzten,3.0,7.0,0.0,1.0,0.0,0.0,0.0,1.0,"8,464588665000065","49,489227126000060",,,sonstiger Unfall,"Fahrrad, Pkw, Tram/Bus (bis 2017 auch LKW)",Zusammenstoß mit seitlich in gleicher Richtung fahrendem Fahrzeug
183023.0,2019,10,13,7,Unfall mit Leichtverletzten,0.0,7.0,0.0,0.0,0.0,0.0,0.0,0.0,"8,467937299000028","49,529519189000041",,,sonstiger Unfall,Fahrrad,Unfall anderer Art
183432.0,2019,10,20,6,Unfall mit Leichtverletzten,2.0,6.0,2.0,1.0,0.0,0.0,0.0,0.0,"8,538247251000030","49,455476900000065",,,Unfall im Längsverkehr,"Fahrrad, Pkw",Zusammenstoß mit vorausfahrendem / wartendem Fahrzeug
36673.0,2019,10,19,6,Unfall mit Leichtverletzten,3.0,2.0,1.0,1.0,0.0,0.0,0.0,0.0,"8,482210124000062","49,474110445000065",,,Abbiegeunfall,"Fahrrad, Pkw",Zusammenstoß mit seitlich in gleicher Richtung fahrendem Fahrzeug
183259.0,2019,10,17,6,Unfall mit Leichtverletzten,5.0,2.0,0.0,1.0,0.0,0.0,0.0,0.0,"8,469838981000066","49,505720496000038",,,Abbiegeunfall,"Fahrrad, Pkw",Zusammenstoß mit einbiegendem / kreuzendem Fahrzeug
38169.0,2019,10,13,6,Unfall mit Leichtverletzten,5.0,2.0,0.0,1.0,0.0,0.0,0.0,0.0,"8,487075781000044","49,496332905000031",,,Abbiegeunfall,"Fahrrad, Pkw",Zusammenstoß mit einbiegendem / kreuzendem Fahrzeug
183079.0,2019,10,13,6,Unfall mit Leichtverletzten,5.0,3.0,0.0,1.0,0.0,0.0,0.0,0.0,"8,538471622000031","49,482951831000037",,,Einbiegen / Kreuzen-Unfall,"Fahrrad, Pkw",Zusammenstoß mit einbiegendem / kreuzendem Fahrzeug
183484.0,2019,10,12,6,Unfall mit Schwerverletzten,1.0,3.0,0.0,0.0,0.0,0.0,0.0,0.0,"8,494804920000036","49,453758273000062",,,Einbiegen / Kreuzen-Unfall,Fahrrad,Zusammenstoß mit anfahrendem/ anhaltendem/ ruhendem Fahrzeug
37855.0,2019,10,8,6,Unfall mit Leichtverletzten,5.0,5.0,0.0,1.0,0.0,0.0,0.0,0.0,"8,470828000000040","49,511114424000027",,,Unfall durch ruhenden Verkehr,"Fahrrad, Pkw",Zusammenstoß mit einbiegendem / kreuzendem Fahrzeug
183080.0,2019,10,6,6,Unfall mit Leichtverletzten,5.0,3.0,2.0,0.0,0.0,0.0,0.0,1.0,"8,470093694000070","49,493482708000045",,,Einbiegen / Kreuzen-Unfall,"Fahrrad, Tram/Bus (bis 2017 auch LKW)",Zusammenstoß mit einbiegendem / kreuzendem Fahrzeug
183130.0,2019,10,21,5,Unfall mit Leichtverletzten,1.0,5.0,2.0,1.0,0.0,0.0,0.0,0.0,"8,472587780000026","49,499639730000069",,,Unfall durch ruhenden Verkehr,"Fahrrad, Pkw",Zusammenstoß mit anfahrendem/ anhaltendem/ ruhendem Fahrzeug
36722.0,2019,10,15,5,Unfall mit Leichtverletzten,0.0,7.0,0.0,0.0,0.0,0.0,0.0,0.0,"8,559732996000037","49,468778766000071",,,sonstiger Unfall,Fahrrad,Unfall anderer Art
37755.0,2019,10,14,5,Unfall mit Leichtverletzten,5.0,3.0,0.0,1.0,0.0,0.0,0.0,0.0,"8,476137181000070","49,486938457000065",,,Einbiegen / Kreuzen-Unfall,"Fahrrad, Pkw",Zusammenstoß mit einbiegendem / kreuzendem Fahrzeug
183804.0,2019,10,11,5,Unfall mit Schwerverletzten,0.0,1.0,0.0,0.0,0.0,0.0,0.0,0.0,"8,469397944000036","49,487358574000041",,,Fahrunfall,Fahrrad,Unfall anderer Art
183462.0,2019,10,10,5,Unfall mit Leichtverletzten,5.0,3.0,0.0,1.0,0.0,0.0,0.0,0.0,"8,506416575000060","49,508565738000073",,,Einbiegen / Kreuzen-Unfall,"Fahrrad, Pkw",Zusammenstoß mit einbiegendem / kreuzendem Fahrzeug
183131.0,2019,10,7,5,Unfall mit Leichtverletzten,5.0,3.0,1.0,1.0,0.0,0.0,0.0,0.0,"8,468459407000069","49,475954624000053",,,Einbiegen / Kreuzen-Unfall,"Fahrrad, Pkw",Zusammenstoß mit einbiegendem / kreuzendem Fahrzeug
182879.0,2019,10,17,4,Unfall mit Leichtverletzten,0.0,1.0,0.0,0.0,0.0,0.0,0.0,0.0,"8,482074840000053","49,478815190000034",,,Fahrunfall,Fahrrad,Unfall anderer Art
37114.0,2019,10,15,4,Unfall mit Leichtverletzten,5.0,2.0,0.0,1.0,0.0,0.0,0.0,0.0,"8,468438461000062","49,509400333000031",,,Abbiegeunfall,"Fahrrad, Pkw",Zusammenstoß mit einbiegendem / kreuzendem Fahrzeug
183308.0,2019,10,9,4,Unfall mit Leichtverletzten,3.0,2.0,0.0,1.0,0.0,0.0,0.0,0.0,"8,468900193000025","49,491938287000039",,,Abbiegeunfall,"Fahrrad, Pkw",Zusammenstoß mit seitlich in gleicher Richtung fahrendem Fahrzeug
183422.0,2019,10,8,4,Unfall mit Leichtverletzten,6.0,6.0,0.0,0.0,1.0,0.0,0.0,0.0,"8,527919915000041","49,514191388000029",,,Unfall im Längsverkehr,"Fahrrad, Fußgänger",Zusammenstoß zwischen Fahrzeug und Fußgänger
183603.0,2019,10,8,4,Unfall mit Leichtverletzten,1.0,5.0,0.0,1.0,0.0,0.0,0.0,0.0,"8,489888388000054","49,474682019000056",,,Unfall durch ruhenden Verkehr,"Fahrrad, Pkw",Zusammenstoß mit anfahrendem/ anhaltendem/ ruhendem Fahrzeug
183291.0,2019,10,19,3,Unfall mit Leichtverletzten,0.0,6.0,2.0,0.0,0.0,0.0,0.0,1.0,"8,462759298000037","49,499201269000082",,,Unfall im Längsverkehr,"Fahrrad, Tram/Bus (bis 2017 auch LKW)",Unfall anderer Art
37427.0,2019,10,17,3,Unfall mit Leichtverletzten,5.0,3.0,0.0,1.0,0.0,0.0,0.0,0.0,"8,468781641000021","49,509645708000050",,,Einbiegen / Kreuzen-Unfall,"Fahrrad, Pkw",Zusammenstoß mit einbiegendem / kreuzendem Fahrzeug
182930.0,2019,10,15,3,Unfall mit Leichtverletzten,5.0,3.0,0.0,1.0,0.0,0.0,0.0,0.0,"8,492230253000059","49,458698544000072",,,Einbiegen / Kreuzen-Unfall,"Fahrrad, Pkw",Zusammenstoß mit einbiegendem / kreuzendem Fahrzeug
183651.0,2019,10,10,3,Unfall mit Leichtverletzten,1.0,5.0,0.0,1.0,0.0,0.0,0.0,0.0,"8,485114361000058","49,524308501000064",,,Unfall durch ruhenden Verkehr,"Fahrrad, Pkw",Zusammenstoß mit anfahrendem/ anhaltendem/ ruhendem Fahrzeug
183653.0,2019,10,10,3,Unfall mit Schwerverletzten,5.0,2.0,0.0,1.0,0.0,0.0,0.0,0.0,"8,524347798000065","49,440172677000078",,,Abbiegeunfall,"Fahrrad, Pkw",Zusammenstoß mit einbiegendem / kreuzendem Fahrzeug
183652.0,2019,10,8,3,Unfall mit Leichtverletzten,3.0,2.0,0.0,0.0,0.0,0.0,0.0,1.0,"8,471225768000068","49,500165208000055",,,Abbiegeunfall,"Fahrrad, Tram/Bus (bis 2017 auch LKW)",Zusammenstoß mit seitlich in gleicher Richtung fahrendem Fahrzeug
38311.0,2019,10,5,3,Unfall mit Leichtverletzten,5.0,3.0,2.0,0.0,0.0,1.0,0.0,0.0,"8,464546513000073","49,481925878000027",,,Einbiegen / Kreuzen-Unfall,"Fahrrad, Kraftrad",Zusammenstoß mit einbiegendem / kreuzendem Fahrzeug
182688.0,2019,10,5,3,Unfall mit Leichtverletzten,5.0,3.0,2.0,1.0,0.0,0.0,0.0,0.0,"8,462842544000068","49,485608304000039",,,Einbiegen / Kreuzen-Unfall,"Fahrrad, Pkw",Zusammenstoß mit einbiegendem / kreuzendem Fahrzeug
183919.0,2019,10,15,2,Unfall mit Leichtverletzten,1.0,5.0,0.0,1.0,0.0,0.0,0.0,0.0,"8,467400857000030","49,490326475000074",,,Unfall durch ruhenden Verkehr,"Fahrrad, Pkw",Zusammenstoß mit anfahrendem/ anhaltendem/ ruhendem Fahrzeug
182733.0,2019,10,12,2,Unfall mit Leichtverletzten,1.0,5.0,0.0,1.0,0.0,0.0,0.0,0.0,"8,469533729000034","49,472098360000075",,,Unfall durch ruhenden Verkehr,"Fahrrad, Pkw",Zusammenstoß mit anfahrendem/ anhaltendem/ ruhendem Fahrzeug
183723.0,2019,10,11,2,Unfall mit Leichtverletzten,5.0,3.0,0.0,1.0,0.0,0.0,0.0,0.0,"8,471161472000063","49,474032098000066",,,Einbiegen / Kreuzen-Unfall,"Fahrrad, Pkw",Zusammenstoß mit einbiegendem / kreuzendem Fahrzeug
37851.0,2019,10,0,2,Unfall mit Leichtverletzten,5.0,3.0,2.0,1.0,0.0,0.0,0.0,0.0,"8,491070270000023","49,499632292000058",,,Einbiegen / Kreuzen-Unfall,"Fahrrad, Pkw",Zusammenstoß mit einbiegendem / kreuzendem Fahrzeug
183949.0,2019,10,14,1,Unfall mit Leichtverletzten,5.0,2.0,0.0,1.0,0.0,0.0,0.0,0.0,"8,495981825000058","49,499252006000063",,,Abbiegeunfall,"Fahrrad, Pkw",Zusammenstoß mit einbiegendem / kreuzendem Fahrzeug
182083.0,2019,9,18,7,Unfall mit Leichtverletzten,6.0,6.0,0.0,0.0,1.0,0.0,0.0,0.0,"8,447985734000042","49,542903632000048",,,Unfall im Längsverkehr,"Fahrrad, Fußgänger",Zusammenstoß zwischen Fahrzeug und Fußgänger
182499.0,2019,9,13,7,Unfall mit Leichtverletzten,5.0,3.0,0.0,1.0,0.0,0.0,0.0,0.0,"8,510397489000070","49,446633398000074",,,Einbiegen / Kreuzen-Unfall,"Fahrrad, Pkw",Zusammenstoß mit einbiegendem / kreuzendem Fahrzeug
182085.0,2019,9,12,7,Unfall mit Schwerverletzten,5.0,3.0,0.0,0.0,0.0,1.0,0.0,0.0,"8,471618798000066","49,492696667000075",,,Einbiegen / Kreuzen-Unfall,"Fahrrad, Kraftrad",Zusammenstoß mit einbiegendem / kreuzendem Fahrzeug
182289.0,2019,9,17,6,Unfall mit Leichtverletzten,6.0,7.0,0.0,0.0,1.0,0.0,0.0,0.0,"8,471255649000057","49,510910706000061",,,sonstiger Unfall,"Fahrrad, Fußgänger",Zusammenstoß zwischen Fahrzeug und Fußgänger
182532.0,2019,9,11,6,Unfall mit Leichtverletzten,5.0,3.0,0.0,1.0,0.0,0.0,0.0,0.0,"8,467867278000028","49,491038574000072",,,Einbiegen / Kreuzen-Unfall,"Fahrrad, Pkw",Zusammenstoß mit einbiegendem / kreuzendem Fahrzeug
35507.0,2019,9,22,5,Unfall mit Leichtverletzten,3.0,2.0,2.0,1.0,0.0,0.0,0.0,0.0,"8,461584724000034","49,504407555000057",,,Abbiegeunfall,"Fahrrad, Pkw",Zusammenstoß mit seitlich in gleicher Richtung fahrendem Fahrzeug