OBJECTID,UJAHR,UMONAT,USTUNDE,UWOCHENTAG,UKATEGORIE,UART,UTYP1,ULICHTVERH,IstPKW,IstFuss,IstKrad,IstGkfz,IstSonstige,XGCSWGS84,YGCSWGS84,Kommentar,Stadtteil,typ,involved,art
178274.0,2019,6,7,3,Unfall mit Getöteten,3.0,2.0,0.0,0.0,0.0,0.0,1.0,0.0,"8,562418889000071","49,451325328000053",18.06.2019: Ein Fahrradfahrer wurde bei einem Aufprallunfall in der Elsa-Brandström-Straße tödlich verletzt. Ein LKW-Fahrer befuhr die Straße in Richtung Holzweg und bog in ein Firmengelände ein. Er übersah den Radfahrer. Dieser wurde von dem Fahrzeug überrollt und unter diesem eingeklemmt. Das Fahrzeug kam erst auf dem Gehweg zum Stehen. Die besagte Straße verfügt über einen Radschutzstreifen auf dem der Radfahrer gefahren war.,Seckenheim,Abbiegeunfall,"Fahrrad, LKW",Zusammenstoß mit seitlich in gleicher Richtung fahrendem Fahrzeug
177410.0,2019,6,16,2,Unfall mit Leichtverletzten,6.0,7.0,0.0,0.0,1.0,0.0,0.0,0.0,"8,470196659000067","49,504627231000029",,,sonstiger Unfall,"Fahrrad, Fußgänger",Zusammenstoß zwischen Fahrzeug und Fußgänger
177455.0,2019,6,17,1,Unfall mit Schwerverletzten,5.0,3.0,0.0,1.0,0.0,0.0,0.0,0.0,"8,504983930000037","49,504019675000052",,,Einbiegen / Kreuzen-Unfall,"Fahrrad, Pkw",Zusammenstoß mit einbiegendem / kreuzendem Fahrzeug
177575.0,2019,6,14,1,Unfall mit Leichtverletzten,0.0,7.0,0.0,0.0,0.0,0.0,0.0,0.0,"8,532743383000025","49,506168892000062",,,sonstiger Unfall,Fahrrad,Unfall anderer Art
28811.0,2019,5,17,7,Unfall mit Leichtverletzten,2.0,6.0,0.0,1.0,0.0,0.0,0.0,0.0,"8,474482293000051","49,484113795000042",,,Unfall im Längsverkehr,"Fahrrad, Pkw",Zusammenstoß mit vorausfahrendem / wartendem Fahrzeug
176288.0,2019,5,15,7,Unfall mit Leichtverletzten,5.0,3.0,0.0,1.0,0.0,0.0,0.0,0.0,"8,536426694000056","49,449060789000043",,,Einbiegen / Kreuzen-Unfall,"Fahrrad, Pkw",Zusammenstoß mit einbiegendem / kreuzendem Fahrzeug
176761.0,2019,5,0,7,Unfall mit Leichtverletzten,0.0,7.0,2.0,0.0,0.0,0.0,0.0,0.0,"8,480682487000024","49,475823945000059",,,sonstiger Unfall,Fahrrad,Unfall anderer Art
176806.0,2019,5,18,6,Unfall mit Leichtverletzten,3.0,2.0,0.0,1.0,0.0,0.0,0.0,0.0,"8,465545562000045","49,485763924000025",,,Abbiegeunfall,"Fahrrad, Pkw",Zusammenstoß mit seitlich in gleicher Richtung fahrendem Fahrzeug
177050.0,2019,5,18,5,Unfall mit Leichtverletzten,6.0,4.0,0.0,0.0,1.0,0.0,0.0,0.0,"8,476191899000071","49,481145649000041",,,Überschreiten-Unfall,"Fahrrad, Fußgänger",Zusammenstoß zwischen Fahrzeug und Fußgänger
176054.0,2019,5,16,5,Unfall mit Leichtverletzten,1.0,5.0,0.0,1.0,0.0,0.0,0.0,0.0,"8,473574624000037","49,483854798000038",,,Unfall durch ruhenden Verkehr,"Fahrrad, Pkw",Zusammenstoß mit anfahrendem/ anhaltendem/ ruhendem Fahrzeug
176056.0,2019,5,15,5,Unfall mit Leichtverletzten,4.0,2.0,0.0,1.0,0.0,0.0,0.0,0.0,"8,473286126000062","49,504283873000077",,,Abbiegeunfall,"Fahrrad, Pkw",Zusammenstoß mit entgegenkommendem Fahrzeug
176649.0,2019,5,15,5,Unfall mit Leichtverletzten,1.0,5.0,0.0,1.0,0.0,0.0,0.0,0.0,"8,477646842000070","49,497501162000049",,,Unfall durch ruhenden Verkehr,"Fahrrad, Pkw",Zusammenstoß mit anfahrendem/ anhaltendem/ ruhendem Fahrzeug
176859.0,2019,5,14,5,Unfall mit Leichtverletzten,5.0,3.0,0.0,1.0,0.0,0.0,0.0,0.0,"8,473045353000032","49,472631897000042",,,Einbiegen / Kreuzen-Unfall,"Fahrrad, Pkw",Zusammenstoß mit einbiegendem / kreuzendem Fahrzeug
176057.0,2019,5,13,5,Unfall mit Leichtverletzten,5.0,3.0,0.0,1.0,0.0,0.0,0.0,0.0,"8,486105804000033","49,455579646000047",,,Einbiegen / Kreuzen-Unfall,"Fahrrad, Pkw",Zusammenstoß mit einbiegendem / kreuzendem Fahrzeug
176858.0,2019,5,9,5,Unfall mit Leichtverletzten,4.0,2.0,0.0,1.0,0.0,0.0,0.0,0.0,"8,464088647000040","49,475044428000047",,,Abbiegeunfall,"Fahrrad, Pkw",Zusammenstoß mit entgegenkommendem Fahrzeug
176694.0,2019,5,13,4,Unfall mit Leichtverletzten,5.0,2.0,0.0,1.0,0.0,0.0,0.0,0.0,"8,504329605000066","49,456821296000044",,,Abbiegeunfall,"Fahrrad, Pkw",Zusammenstoß mit einbiegendem / kreuzendem Fahrzeug
176924.0,2019,5,7,4,Unfall mit Leichtverletzten,0.0,7.0,0.0,0.0,0.0,0.0,0.0,0.0,"8,516136558000028","49,514970018000042",,,sonstiger Unfall,Fahrrad,Unfall anderer Art
176449.0,2019,5,20,3,Unfall mit Leichtverletzten,5.0,3.0,1.0,1.0,0.0,0.0,0.0,0.0,"8,492590126000039","49,478501434000066",,,Einbiegen / Kreuzen-Unfall,"Fahrrad, Pkw",Zusammenstoß mit einbiegendem / kreuzendem Fahrzeug
176499.0,2019,5,15,3,Unfall mit Leichtverletzten,4.0,6.0,0.0,0.0,0.0,1.0,0.0,0.0,"8,494138490000069","49,512898088000043",,,Unfall im Längsverkehr,"Fahrrad, Kraftrad",Zusammenstoß mit entgegenkommendem Fahrzeug
177146.0,2019,5,12,3,Unfall mit Leichtverletzten,1.0,7.0,0.0,1.0,0.0,0.0,0.0,0.0,"8,510537231000058","49,527407793000066",,,sonstiger Unfall,"Fahrrad, Pkw",Zusammenstoß mit anfahrendem/ anhaltendem/ ruhendem Fahrzeug
176450.0,2019,5,11,3,Unfall mit Leichtverletzten,0.0,7.0,0.0,0.0,0.0,0.0,0.0,0.0,"8,481241293000039","49,452606834000051",,,sonstiger Unfall,Fahrrad,Unfall anderer Art
176964.0,2019,5,9,3,Unfall mit Leichtverletzten,5.0,3.0,0.0,1.0,0.0,0.0,0.0,0.0,"8,465011941000057","49,488947803000030",,,Einbiegen / Kreuzen-Unfall,"Fahrrad, Pkw",Zusammenstoß mit einbiegendem / kreuzendem Fahrzeug
176495.0,2019,5,5,3,Unfall mit Leichtverletzten,4.0,3.0,0.0,0.0,0.0,0.0,0.0,0.0,"8,471593910000024","49,500264107000078",,,Einbiegen / Kreuzen-Unfall,Fahrrad,Zusammenstoß mit entgegenkommendem Fahrzeug
176223.0,2019,5,18,2,Unfall mit Leichtverletzten,5.0,3.0,0.0,1.0,0.0,0.0,0.0,0.0,"8,476791109000033","49,477954312000065",,,Einbiegen / Kreuzen-Unfall,"Fahrrad, Pkw",Zusammenstoß mit einbiegendem / kreuzendem Fahrzeug
177198.0,2019,5,18,2,Unfall mit Leichtverletzten,5.0,3.0,0.0,1.0,0.0,0.0,0.0,0.0,"8,489345818000061","49,456403446000081",,,Einbiegen / Kreuzen-Unfall,"Fahrrad, Pkw",Zusammenstoß mit einbiegendem / kreuzendem Fahrzeug
176041.0,2019,5,13,2,Unfall mit Leichtverletzten,5.0,3.0,0.0,1.0,0.0,0.0,0.0,0.0,"8,558319925000035","49,466234145000044",,,Einbiegen / Kreuzen-Unfall,"Fahrrad, Pkw",Zusammenstoß mit einbiegendem / kreuzendem Fahrzeug
176159.0,2019,5,11,2,Unfall mit Leichtverletzten,5.0,7.0,0.0,1.0,0.0,0.0,0.0,0.0,"8,471585334000054","49,472100033000061",,,sonstiger Unfall,"Fahrrad, Pkw",Zusammenstoß mit einbiegendem / kreuzendem Fahrzeug
176485.0,2019,5,10,2,Unfall mit Leichtverletzten,5.0,2.0,0.0,1.0,0.0,0.0,0.0,0.0,"8,456498932000045","49,551219265000043",,,Abbiegeunfall,"Fahrrad, Pkw",Zusammenstoß mit einbiegendem / kreuzendem Fahrzeug
177199.0,2019,5,7,2,Unfall mit Leichtverletzten,6.0,6.0,0.0,0.0,1.0,0.0,0.0,0.0,"8,539236501000062","49,484231582000064",,,Unfall im Längsverkehr,"Fahrrad, Fußgänger",Zusammenstoß zwischen Fahrzeug und Fußgänger
175955.0,2019,5,6,2,Unfall mit Leichtverletzten,5.0,3.0,0.0,1.0,0.0,0.0,0.0,0.0,"8,457200981000028","49,494219587000032",,,Einbiegen / Kreuzen-Unfall,"Fahrrad, Pkw",Zusammenstoß mit einbiegendem / kreuzendem Fahrzeug
177237.0,2019,5,9,1,Unfall mit Leichtverletzten,5.0,2.0,0.0,1.0,0.0,0.0,0.0,0.0,"8,508367314000054","49,513148986000033",,,Abbiegeunfall,"Fahrrad, Pkw",Zusammenstoß mit einbiegendem / kreuzendem Fahrzeug
175393.0,2019,4,15,6,Unfall mit Leichtverletzten,5.0,3.0,0.0,1.0,0.0,0.0,0.0,0.0,"8,474937125000054","49,472766714000045",,,Einbiegen / Kreuzen-Unfall,"Fahrrad, Pkw",Zusammenstoß mit einbiegendem / kreuzendem Fahrzeug
175392.0,2019,4,11,6,Unfall mit Leichtverletzten,5.0,2.0,0.0,1.0,0.0,0.0,0.0,0.0,"8,502871641000070","49,458033588000035",,,Abbiegeunfall,"Fahrrad, Pkw",Zusammenstoß mit einbiegendem / kreuzendem Fahrzeug
175744.0,2019,4,20,5,Unfall mit Leichtverletzten,0.0,1.0,1.0,0.0,0.0,0.0,0.0,0.0,"8,464406791000044","49,501094009000042",,,Fahrunfall,Fahrrad,Unfall anderer Art
175198.0,2019,4,11,5,Unfall mit Leichtverletzten,5.0,3.0,0.0,1.0,0.0,0.0,0.0,0.0,"8,486095646000024","49,455581922000079",,,Einbiegen / Kreuzen-Unfall,"Fahrrad, Pkw",Zusammenstoß mit einbiegendem / kreuzendem Fahrzeug
175742.0,2019,4,8,5,Unfall mit Leichtverletzten,5.0,2.0,0.0,1.0,0.0,0.0,0.0,0.0,"8,511667103000036","49,477631439000049",,,Abbiegeunfall,"Fahrrad, Pkw",Zusammenstoß mit einbiegendem / kreuzendem Fahrzeug
175796.0,2019,4,15,4,Unfall mit Leichtverletzten,5.0,3.0,0.0,1.0,0.0,0.0,0.0,0.0,"8,464787285000057","49,485989326000038",,,Einbiegen / Kreuzen-Unfall,"Fahrrad, Pkw",Zusammenstoß mit einbiegendem / kreuzendem Fahrzeug
175795.0,2019,4,11,4,Unfall mit Leichtverletzten,5.0,3.0,0.0,1.0,0.0,0.0,0.0,0.0,"8,458306734000075","49,545863032000057",,,Einbiegen / Kreuzen-Unfall,"Fahrrad, Pkw",Zusammenstoß mit einbiegendem / kreuzendem Fahrzeug
175267.0,2019,4,16,3,Unfall mit Leichtverletzten,0.0,1.0,0.0,0.0,0.0,0.0,0.0,0.0,"8,448317736000035","49,507493730000078",,,Fahrunfall,Fahrrad,Unfall anderer Art
174996.0,2019,4,15,3,Unfall mit Schwerverletzten,0.0,7.0,0.0,0.0,0.0,0.0,0.0,0.0,"8,487929707000035","49,458622394000031",,,sonstiger Unfall,Fahrrad,Unfall anderer Art
26678.0,2019,4,6,3,Unfall mit Leichtverletzten,5.0,3.0,1.0,1.0,0.0,0.0,0.0,0.0,"8,488224729000024","49,497634825000034",,,Einbiegen / Kreuzen-Unfall,"Fahrrad, Pkw",Zusammenstoß mit einbiegendem / kreuzendem Fahrzeug
27600.0,2019,4,17,2,Unfall mit Leichtverletzten,5.0,3.0,0.0,1.0,0.0,0.0,0.0,0.0,"8,475183901000037","49,485239504000049",,,Einbiegen / Kreuzen-Unfall,"Fahrrad, Pkw",Zusammenstoß mit einbiegendem / kreuzendem Fahrzeug
26171.0,2019,4,16,1,Unfall mit Getöteten,5.0,3.0,0.0,1.0,0.0,0.0,0.0,0.0,"8,462886815000047","49,484523702000047",Radfahrer quert unter Missachtung des Rotlichts der Fußgänger-LSA die Bismarckstraße von Nord (Kurpfalzstraße) nach Süd (Schloss) und wird auf der Nordfahrbahn von einem Pkw erfasst. Der Radfahrende verstirbt wenige Tage später im Krankenhaus.,Innenstadt,Einbiegen / Kreuzen-Unfall,"Fahrrad, Pkw",Zusammenstoß mit einbiegendem / kreuzendem Fahrzeug
175619.0,2019,4,14,1,Unfall mit Leichtverletzten,5.0,3.0,0.0,1.0,0.0,0.0,0.0,0.0,"8,488335529000040","49,497531232000028",,,Einbiegen / Kreuzen-Unfall,"Fahrrad, Pkw",Zusammenstoß mit einbiegendem / kreuzendem Fahrzeug
174604.0,2019,3,5,7,Unfall mit Leichtverletzten,5.0,3.0,2.0,1.0,0.0,0.0,0.0,0.0,"8,490694743000063","49,522283385000037",,,Einbiegen / Kreuzen-Unfall,"Fahrrad, Pkw",Zusammenstoß mit einbiegendem / kreuzendem Fahrzeug
174900.0,2019,3,16,6,Unfall mit Schwerverletzten,3.0,2.0,0.0,0.0,0.0,0.0,0.0,0.0,"8,521181924000075","49,516512160000048",,,Abbiegeunfall,Fahrrad,Zusammenstoß mit seitlich in gleicher Richtung fahrendem Fahrzeug
173951.0,2019,3,9,6,Unfall mit Leichtverletzten,5.0,3.0,0.0,1.0,0.0,0.0,0.0,0.0,"8,470858705000069","49,501993779000031",,,Einbiegen / Kreuzen-Unfall,"Fahrrad, Pkw",Zusammenstoß mit einbiegendem / kreuzendem Fahrzeug
175162.0,2019,3,8,6,Unfall mit Leichtverletzten,0.0,7.0,0.0,0.0,0.0,0.0,1.0,0.0,"8,468758299000058","49,491786563000062",,,sonstiger Unfall,"Fahrrad, LKW",Unfall anderer Art
175161.0,2019,3,7,6,Unfall mit Leichtverletzten,1.0,5.0,0.0,1.0,0.0,0.0,0.0,0.0,"8,537577846000033","49,507754888000079",,,Unfall durch ruhenden Verkehr,"Fahrrad, Pkw",Zusammenstoß mit anfahrendem/ anhaltendem/ ruhendem Fahrzeug
174341.0,2019,3,15,5,Unfall mit Leichtverletzten,1.0,5.0,0.0,1.0,0.0,0.0,0.0,0.0,"8,468684486000029","49,531872137000050",,,Unfall durch ruhenden Verkehr,"Fahrrad, Pkw",Zusammenstoß mit anfahrendem/ anhaltendem/ ruhendem Fahrzeug
174424.0,2019,3,15,5,Unfall mit Leichtverletzten,5.0,3.0,0.0,0.0,0.0,1.0,0.0,0.0,"8,495037116000049","49,453831283000056",,,Einbiegen / Kreuzen-Unfall,"Fahrrad, Kraftrad",Zusammenstoß mit einbiegendem / kreuzendem Fahrzeug
174689.0,2019,3,9,5,Unfall mit Leichtverletzten,5.0,2.0,0.0,1.0,0.0,0.0,0.0,0.0,"8,491671417000021","49,496921240000063",,,Abbiegeunfall,"Fahrrad, Pkw",Zusammenstoß mit einbiegendem / kreuzendem Fahrzeug
25038.0,2019,3,6,5,Unfall mit Leichtverletzten,5.0,2.0,2.0,1.0,0.0,0.0,0.0,0.0,"8,488936020000040","49,528849410000078",,,Abbiegeunfall,"Fahrrad, Pkw",Zusammenstoß mit einbiegendem / kreuzendem Fahrzeug
174368.0,2019,3,19,4,Unfall mit Leichtverletzten,0.0,1.0,2.0,0.0,0.0,0.0,0.0,0.0,"8,446336546000055","49,546689646000061",,,Fahrunfall,Fahrrad,Unfall anderer Art
174470.0,2019,3,19,4,Unfall mit Leichtverletzten,0.0,7.0,2.0,0.0,0.0,0.0,0.0,0.0,"8,466113728000039","49,487653502000057",,,sonstiger Unfall,Fahrrad,Unfall anderer Art
25968.0,2019,3,14,4,Unfall mit Schwerverletzten,5.0,6.0,0.0,0.0,0.0,1.0,0.0,0.0,"8,481091454000023","49,538725157000044",,,Unfall im Längsverkehr,"Fahrrad, Kraftrad",Zusammenstoß mit einbiegendem / kreuzendem Fahrzeug
174211.0,2019,3,16,3,Unfall mit Leichtverletzten,5.0,5.0,0.0,1.0,0.0,0.0,0.0,0.0,"8,449743539000053","49,509917941000026",,,Unfall durch ruhenden Verkehr,"Fahrrad, Pkw",Zusammenstoß mit einbiegendem / kreuzendem Fahrzeug
174771.0,2019,3,16,3,Unfall mit Leichtverletzten,0.0,3.0,0.0,1.0,0.0,0.0,0.0,0.0,"8,476271106000070","49,488715650000074",,,Einbiegen / Kreuzen-Unfall,"Fahrrad, Pkw",Unfall anderer Art
174515.0,2019,3,15,3,Unfall mit Leichtverletzten,3.0,5.0,0.0,1.0,0.0,0.0,0.0,0.0,"8,470846162000044","49,484858336000059",,,Unfall durch ruhenden Verkehr,"Fahrrad, Pkw",Zusammenstoß mit seitlich in gleicher Richtung fahrendem Fahrzeug
174213.0,2019,3,12,3,Unfall mit Leichtverletzten,0.0,2.0,0.0,1.0,0.0,0.0,0.0,0.0,"8,475648350000029","49,464807918000076",,,Abbiegeunfall,"Fahrrad, Pkw",Unfall anderer Art
174247.0,2019,3,16,2,Unfall mit Leichtverletzten,0.0,7.0,0.0,0.0,0.0,0.0,0.0,0.0,"8,468209476000027","49,511575761000074",,,sonstiger Unfall,Fahrrad,Unfall anderer Art
175074.0,2019,3,9,1,Unfall mit Leichtverletzten,3.0,6.0,0.0,1.0,0.0,0.0,0.0,0.0,"8,528012603000036","49,487372615000027",,,Unfall im Längsverkehr,"Fahrrad, Pkw",Zusammenstoß mit seitlich in gleicher Richtung fahrendem Fahrzeug
173613.0,2019,2,19,6,Unfall mit Leichtverletzten,3.0,5.0,2.0,1.0,0.0,0.0,0.0,0.0,"8,470239865000053","49,487036309000075",,,Unfall durch ruhenden Verkehr,"Fahrrad, Pkw",Zusammenstoß mit seitlich in gleicher Richtung fahrendem Fahrzeug
173497.0,2019,2,18,6,Unfall mit Leichtverletzten,5.0,3.0,2.0,1.0,0.0,0.0,0.0,0.0,"8,492565949000039","49,478510884000059",,,Einbiegen / Kreuzen-Unfall,"Fahrrad, Pkw",Zusammenstoß mit einbiegendem / kreuzendem Fahrzeug
23032.0,2019,2,7,6,Unfall mit Leichtverletzten,6.0,4.0,2.0,0.0,1.0,0.0,0.0,0.0,"8,491351828000063","49,499637699000061",,,Überschreiten-Unfall,"Fahrrad, Fußgänger",Zusammenstoß zwischen Fahrzeug und Fußgänger
173499.0,2019,2,7,6,Unfall mit Schwerverletzten,0.0,7.0,1.0,0.0,0.0,0.0,0.0,0.0,"8,525606084000060","49,487858070000073",,,sonstiger Unfall,Fahrrad,Unfall anderer Art
173539.0,2019,2,17,5,Unfall mit Leichtverletzten,3.0,5.0,2.0,1.0,0.0,0.0,0.0,0.0,"8,509471669000050","49,517103872000064",,,Unfall durch ruhenden Verkehr,"Fahrrad, Pkw",Zusammenstoß mit seitlich in gleicher Richtung fahrendem Fahrzeug
173861.0,2019,2,15,5,Unfall mit Leichtverletzten,0.0,5.0,0.0,1.0,0.0,0.0,0.0,0.0,"8,489663395000036","49,451045723000050",,,Unfall durch ruhenden Verkehr,"Fahrrad, Pkw",Unfall anderer Art
173570.0,2019,2,20,4,Unfall mit Leichtverletzten,0.0,2.0,2.0,1.0,0.0,0.0,0.0,0.0,"8,488643514000046","49,494757116000073",,,Abbiegeunfall,"Fahrrad, Pkw",Unfall anderer Art
24505.0,2019,2,4,4,Unfall mit Schwerverletzten,5.0,3.0,2.0,1.0,0.0,0.0,0.0,0.0,"8,567611644000067","49,434813697000038",,,Einbiegen / Kreuzen-Unfall,"Fahrrad, Pkw",Zusammenstoß mit einbiegendem / kreuzendem Fahrzeug
173401.0,2019,2,15,3,Unfall mit Leichtverletzten,5.0,3.0,0.0,1.0,0.0,0.0,0.0,0.0,"8,492751955000074","49,476293046000080",,,Einbiegen / Kreuzen-Unfall,"Fahrrad, Pkw",Zusammenstoß mit einbiegendem / kreuzendem Fahrzeug
173658.0,2019,2,16,2,Unfall mit Leichtverletzten,5.0,3.0,0.0,1.0,0.0,0.0,0.0,0.0,"8,473588712000037","49,491984894000041",,,Einbiegen / Kreuzen-Unfall,"Fahrrad, Pkw",Zusammenstoß mit einbiegendem / kreuzendem Fahrzeug
173435.0,2019,2,14,2,Unfall mit Leichtverletzten,3.0,2.0,0.0,1.0,0.0,0.0,0.0,0.0,"8,468774042000064","49,485728657000038",,,Abbiegeunfall,"Fahrrad, Pkw",Zusammenstoß mit seitlich in gleicher Richtung fahrendem Fahrzeug
173437.0,2019,2,14,2,Unfall mit Leichtverletzten,3.0,2.0,0.0,0.0,0.0,0.0,0.0,1.0,"8,468765354000027","49,485732034000080",,,Abbiegeunfall,"Fahrrad, Tram/Bus (bis 2017 auch LKW)",Zusammenstoß mit seitlich in gleicher Richtung fahrendem Fahrzeug
173436.0,2019,2,9,2,Unfall mit Leichtverletzten,3.0,6.0,0.0,0.0,0.0,0.0,0.0,0.0,"8,466526781000027","49,486596924000025",,,Unfall im Längsverkehr,Fahrrad,Zusammenstoß mit seitlich in gleicher Richtung fahrendem Fahrzeug
23474.0,2019,2,8,2,Unfall mit Leichtverletzten,5.0,3.0,0.0,1.0,0.0,0.0,0.0,0.0,"8,485173212000063","49,493979224000043",,,Einbiegen / Kreuzen-Unfall,"Fahrrad, Pkw",Zusammenstoß mit einbiegendem / kreuzendem Fahrzeug
172828.0,2019,1,18,7,Unfall mit Leichtverletzten,0.0,1.0,2.0,0.0,0.0,0.0,0.0,0.0,"8,468572083000026","49,474751309000055",,,Fahrunfall,Fahrrad,Unfall anderer Art
172354.0,2019,1,18,6,Unfall mit Leichtverletzten,4.0,2.0,2.0,1.0,0.0,0.0,0.0,0.0,"8,516354664000062","49,513621846000035",,,Abbiegeunfall,"Fahrrad, Pkw",Zusammenstoß mit entgegenkommendem Fahrzeug
172715.0,2019,1,16,6,Unfall mit Leichtverletzten,5.0,3.0,1.0,1.0,0.0,0.0,0.0,0.0,"8,581818265000038","49,439975629000060",,,Einbiegen / Kreuzen-Unfall,"Fahrrad, Pkw",Zusammenstoß mit einbiegendem / kreuzendem Fahrzeug
172353.0,2019,1,15,6,Unfall mit Leichtverletzten,3.0,6.0,0.0,0.0,0.0,0.0,0.0,0.0,"8,487300458000050","49,504152209000040",,,Unfall im Längsverkehr,Fahrrad,Zusammenstoß mit seitlich in gleicher Richtung fahrendem Fahrzeug
21866.0,2019,1,21,5,Unfall mit Leichtverletzten,6.0,4.0,2.0,0.0,1.0,0.0,0.0,0.0,"8,487019678000024","49,496261000000061",,,Überschreiten-Unfall,"Fahrrad, Fußgänger",Zusammenstoß zwischen Fahrzeug und Fußgänger
172876.0,2019,1,19,5,Unfall mit Leichtverletzten,0.0,7.0,2.0,0.0,0.0,0.0,0.0,0.0,"8,456623224000055","49,491704366000079",,,sonstiger Unfall,Fahrrad,Unfall anderer Art
21865.0,2019,1,17,5,Unfall mit Leichtverletzten,5.0,3.0,2.0,1.0,0.0,0.0,0.0,0.0,"8,488198271000044","49,497604135000074",,,Einbiegen / Kreuzen-Unfall,"Fahrrad, Pkw",Zusammenstoß mit einbiegendem / kreuzendem Fahrzeug
172877.0,2019,1,17,5,Unfall mit Schwerverletzten,5.0,3.0,2.0,1.0,0.0,0.0,0.0,0.0,"8,480226233000053","49,499215171000060",,,Einbiegen / Kreuzen-Unfall,"Fahrrad, Pkw",Zusammenstoß mit einbiegendem / kreuzendem Fahrzeug
172376.0,2019,1,12,5,Unfall mit Leichtverletzten,5.0,3.0,0.0,1.0,0.0,0.0,0.0,0.0,"8,486139559000037","49,526416471000061",,,Einbiegen / Kreuzen-Unfall,"Fahrrad, Pkw",Zusammenstoß mit einbiegendem / kreuzendem Fahrzeug
22344.0,2019,1,6,5,Unfall mit Leichtverletzten,5.0,3.0,2.0,1.0,0.0,0.0,0.0,0.0,"8,547032439000077","49,513399893000042",,,Einbiegen / Kreuzen-Unfall,"Fahrrad, Pkw",Zusammenstoß mit einbiegendem / kreuzendem Fahrzeug
22870.0,2019,1,17,4,Unfall mit Leichtverletzten,1.0,5.0,0.0,1.0,0.0,0.0,0.0,0.0,"8,474681413000042","49,484657156000026",,,Unfall durch ruhenden Verkehr,"Fahrrad, Pkw",Zusammenstoß mit anfahrendem/ anhaltendem/ ruhendem Fahrzeug
172586.0,2019,1,12,4,Unfall mit Leichtverletzten,5.0,3.0,0.0,1.0,0.0,0.0,0.0,0.0,"8,479029384000057","49,482016833000046",,,Einbiegen / Kreuzen-Unfall,"Fahrrad, Pkw",Zusammenstoß mit einbiegendem / kreuzendem Fahrzeug
173277.0,2019,1,19,3,Unfall mit Leichtverletzten,0.0,7.0,2.0,0.0,0.0,0.0,0.0,0.0,"8,498729569000034","49,478196282000056",,,sonstiger Unfall,Fahrrad,Unfall anderer Art
172960.0,2019,1,16,2,Unfall mit Leichtverletzten,5.0,3.0,0.0,1.0,0.0,0.0,0.0,0.0,"8,481251901000064","49,479628082000033",,,Einbiegen / Kreuzen-Unfall,"Fahrrad, Pkw",Zusammenstoß mit einbiegendem / kreuzendem Fahrzeug
,2018,12,19,6,Unfall mit Leichtverletzten,0.0,4.0,2.0,0.0,1.0,0.0,0.0,,"8,465660411000044","49,486932193000030",,,Überschreiten-Unfall,"Fahrrad, Fußgänger",Unfall anderer Art
,2018,12,15,6,Unfall mit Leichtverletzten,5.0,2.0,0.0,1.0,0.0,0.0,0.0,,"8,481347864000043","49,481985337000026",,,Abbiegeunfall,"Fahrrad, Pkw",Zusammenstoß mit einbiegendem / kreuzendem Fahrzeug
,2018,12,5,6,Unfall mit Schwerverletzten,0.0,7.0,2.0,0.0,0.0,0.0,0.0,,"8,502178865000076","49,462775446000080",,,sonstiger Unfall,Fahrrad,Unfall anderer Art
,2018,12,5,6,Unfall mit Leichtverletzten,5.0,2.0,2.0,1.0,0.0,0.0,0.0,,"8,466916901000047","49,488308843000027",,,Abbiegeunfall,"Fahrrad, Pkw",Zusammenstoß mit einbiegendem / kreuzendem Fahrzeug
,2018,12,12,5,Unfall mit Leichtverletzten,5.0,2.0,0.0,1.0,0.0,0.0,0.0,,"8,457593150000037","49,548958345000074",,,Abbiegeunfall,"Fahrrad, Pkw",Zusammenstoß mit einbiegendem / kreuzendem Fahrzeug
,2018,12,17,4,Unfall mit Schwerverletzten,5.0,5.0,2.0,1.0,0.0,0.0,0.0,,"8,503859853000051","49,502415803000076",,,Unfall durch ruhenden Verkehr,"Fahrrad, Pkw",Zusammenstoß mit einbiegendem / kreuzendem Fahrzeug
,2018,12,16,3,Unfall mit Leichtverletzten,5.0,3.0,0.0,1.0,0.0,0.0,0.0,,"8,492252514000029","49,478634191000026",,,Einbiegen / Kreuzen-Unfall,"Fahrrad, Pkw",Zusammenstoß mit einbiegendem / kreuzendem Fahrzeug