OBJECTID,UJAHR,UMONAT,USTUNDE,UWOCHENTAG,UKATEGORIE,UART,UTYP1,ULICHTVERH,IstPKW,IstFuss,IstKrad,IstGkfz,IstSonstige,XGCSWGS84,YGCSWGS84,Kommentar,Stadtteil,typ,involved,art
,2018,12,10,3,Unfall mit Leichtverletzten,3.0,5.0,0.0,1.0,0.0,0.0,0.0,,"8,471198521000076","49,488271267000073",,,Unfall durch ruhenden Verkehr,"Fahrrad, Pkw",Zusammenstoß mit seitlich in gleicher Richtung fahrendem Fahrzeug
,2018,12,7,3,Unfall mit Leichtverletzten,3.0,6.0,2.0,1.0,0.0,0.0,0.0,,"8,454750017000038","49,526126698000041",,,Unfall im Längsverkehr,"Fahrrad, Pkw",Zusammenstoß mit seitlich in gleicher Richtung fahrendem Fahrzeug
,2018,12,18,2,Unfall mit Leichtverletzten,6.0,4.0,2.0,0.0,1.0,0.0,0.0,,"8,476793518000022","49,503429629000038",,,Überschreiten-Unfall,"Fahrrad, Fußgänger",Zusammenstoß zwischen Fahrzeug und Fußgänger
,2018,12,15,2,Unfall mit Leichtverletzten,1.0,5.0,0.0,1.0,0.0,0.0,0.0,,"8,489122853000026","49,456245567000053",,,Unfall durch ruhenden Verkehr,"Fahrrad, Pkw",Zusammenstoß mit anfahrendem/ anhaltendem/ ruhendem Fahrzeug
,2018,12,10,2,Unfall mit Schwerverletzten,0.0,3.0,0.0,1.0,0.0,0.0,0.0,,"8,464231450000057","49,481912602000079",,,Einbiegen / Kreuzen-Unfall,"Fahrrad, Pkw",Unfall anderer Art
,2018,11,3,7,Unfall mit Leichtverletzten,5.0,3.0,2.0,1.0,0.0,0.0,0.0,,"8,482996673000059","49,481465643000035",,,Einbiegen / Kreuzen-Unfall,"Fahrrad, Pkw",Zusammenstoß mit einbiegendem / kreuzendem Fahrzeug
,2018,11,15,6,Unfall mit Leichtverletzten,6.0,4.0,0.0,0.0,1.0,0.0,0.0,,"8,467748106000045","49,490687676000050",,,Überschreiten-Unfall,"Fahrrad, Fußgänger",Zusammenstoß zwischen Fahrzeug und Fußgänger
,2018,11,11,6,Unfall mit Leichtverletzten,1.0,7.0,0.0,1.0,0.0,0.0,0.0,,"8,470618489000060","49,490090346000045",,,sonstiger Unfall,"Fahrrad, Pkw",Zusammenstoß mit anfahrendem/ anhaltendem/ ruhendem Fahrzeug
,2018,11,8,6,Unfall mit Schwerverletzten,0.0,7.0,0.0,0.0,0.0,0.0,0.0,,"8,473953824000034","49,518020322000041",,,sonstiger Unfall,Fahrrad,Unfall anderer Art
,2018,11,18,5,Unfall mit Schwerverletzten,1.0,5.0,1.0,1.0,0.0,0.0,0.0,,"8,460109647000024","49,505820672000027",,,Unfall durch ruhenden Verkehr,"Fahrrad, Pkw",Zusammenstoß mit anfahrendem/ anhaltendem/ ruhendem Fahrzeug
,2018,11,16,5,Unfall mit Leichtverletzten,5.0,3.0,0.0,1.0,0.0,0.0,0.0,,"8,514408397000068","49,450343215000032",,,Einbiegen / Kreuzen-Unfall,"Fahrrad, Pkw",Zusammenstoß mit einbiegendem / kreuzendem Fahrzeug
,2018,11,8,5,Unfall mit Leichtverletzten,4.0,6.0,0.0,0.0,0.0,0.0,0.0,,"8,487008768000067","49,496483662000060",,,Unfall im Längsverkehr,Fahrrad,Zusammenstoß mit entgegenkommendem Fahrzeug
,2018,11,7,5,Unfall mit Leichtverletzten,6.0,7.0,0.0,0.0,1.0,0.0,0.0,,"8,478521974000046","49,480570841000031",,,sonstiger Unfall,"Fahrrad, Fußgänger",Zusammenstoß zwischen Fahrzeug und Fußgänger
,2018,11,22,4,Unfall mit Leichtverletzten,0.0,1.0,2.0,0.0,0.0,0.0,0.0,,"8,479425759000037","49,475320782000040",,,Fahrunfall,Fahrrad,Unfall anderer Art
,2018,11,17,4,Unfall mit Leichtverletzten,5.0,3.0,2.0,1.0,0.0,0.0,0.0,,"8,487046865000025","49,463185401000032",,,Einbiegen / Kreuzen-Unfall,"Fahrrad, Pkw",Zusammenstoß mit einbiegendem / kreuzendem Fahrzeug
,2018,11,17,4,Unfall mit Leichtverletzten,1.0,5.0,1.0,1.0,0.0,0.0,0.0,,"8,497441539000022","49,518229886000029",,,Unfall durch ruhenden Verkehr,"Fahrrad, Pkw",Zusammenstoß mit anfahrendem/ anhaltendem/ ruhendem Fahrzeug
,2018,11,16,4,Unfall mit Leichtverletzten,5.0,3.0,0.0,1.0,0.0,0.0,0.0,,"8,483945622000022","49,498033813000063",,,Einbiegen / Kreuzen-Unfall,"Fahrrad, Pkw",Zusammenstoß mit einbiegendem / kreuzendem Fahrzeug
,2018,11,15,3,Unfall mit Leichtverletzten,5.0,3.0,0.0,1.0,0.0,0.0,0.0,,"8,519543309000028","49,516158827000027",,,Einbiegen / Kreuzen-Unfall,"Fahrrad, Pkw",Zusammenstoß mit einbiegendem / kreuzendem Fahrzeug
,2018,11,7,3,Unfall mit Leichtverletzten,5.0,3.0,1.0,1.0,0.0,0.0,0.0,,"8,463391842000021","49,489622644000065",,,Einbiegen / Kreuzen-Unfall,"Fahrrad, Pkw",Zusammenstoß mit einbiegendem / kreuzendem Fahrzeug
,2018,11,17,2,Unfall mit Leichtverletzten,4.0,6.0,1.0,0.0,0.0,0.0,0.0,,"8,464468844000066","49,531656447000046",,,Unfall im Längsverkehr,Fahrrad,Zusammenstoß mit entgegenkommendem Fahrzeug
,2018,11,9,2,Unfall mit Leichtverletzten,5.0,3.0,0.0,1.0,0.0,0.0,0.0,,"8,492341507000049","49,500145159000056",,,Einbiegen / Kreuzen-Unfall,"Fahrrad, Pkw",Zusammenstoß mit einbiegendem / kreuzendem Fahrzeug
,2018,11,20,1,Unfall mit Leichtverletzten,5.0,2.0,2.0,1.0,0.0,0.0,0.0,,"8,483718532000069","49,497322144000066",,,Abbiegeunfall,"Fahrrad, Pkw",Zusammenstoß mit einbiegendem / kreuzendem Fahrzeug
,2018,10,14,7,Unfall mit Leichtverletzten,5.0,3.0,0.0,1.0,0.0,0.0,0.0,,"8,531168266000066","49,447201223000036",,,Einbiegen / Kreuzen-Unfall,"Fahrrad, Pkw",Zusammenstoß mit einbiegendem / kreuzendem Fahrzeug
,2018,10,13,7,Unfall mit Leichtverletzten,5.0,5.0,0.0,1.0,0.0,0.0,0.0,,"8,512150456000029","49,488856759000043",,,Unfall durch ruhenden Verkehr,"Fahrrad, Pkw",Zusammenstoß mit einbiegendem / kreuzendem Fahrzeug
,2018,10,12,7,Unfall mit Leichtverletzten,5.0,3.0,0.0,0.0,0.0,0.0,0.0,,"8,475660853000022","49,486061055000050",,,Einbiegen / Kreuzen-Unfall,Fahrrad,Zusammenstoß mit einbiegendem / kreuzendem Fahrzeug
,2018,10,0,7,Unfall mit Leichtverletzten,5.0,3.0,2.0,1.0,0.0,0.0,0.0,,"8,466849357000058","49,488334720000069",,,Einbiegen / Kreuzen-Unfall,"Fahrrad, Pkw",Zusammenstoß mit einbiegendem / kreuzendem Fahrzeug
,2018,10,22,6,Unfall mit Leichtverletzten,0.0,7.0,2.0,0.0,0.0,0.0,0.0,,"8,483498697000073","49,454687985000078",,,sonstiger Unfall,Fahrrad,Unfall anderer Art
,2018,10,17,6,Unfall mit Leichtverletzten,0.0,7.0,0.0,1.0,0.0,0.0,0.0,,"8,486981278000030","49,477014473000054",,,sonstiger Unfall,"Fahrrad, Pkw",Unfall anderer Art
,2018,10,16,6,Unfall mit Leichtverletzten,5.0,3.0,0.0,1.0,0.0,0.0,0.0,,"8,493338148000021","49,486802729000033",,,Einbiegen / Kreuzen-Unfall,"Fahrrad, Pkw",Zusammenstoß mit einbiegendem / kreuzendem Fahrzeug
,2018,10,16,6,Unfall mit Leichtverletzten,5.0,3.0,0.0,1.0,0.0,0.0,0.0,,"8,498922772000071","49,453790655000034",,,Einbiegen / Kreuzen-Unfall,"Fahrrad, Pkw",Zusammenstoß mit einbiegendem / kreuzendem Fahrzeug
,2018,10,15,6,Unfall mit Leichtverletzten,5.0,3.0,0.0,1.0,0.0,0.0,0.0,,"8,500180209000064","49,524484063000045",,,Einbiegen / Kreuzen-Unfall,"Fahrrad, Pkw",Zusammenstoß mit einbiegendem / kreuzendem Fahrzeug
,2018,10,15,6,Unfall mit Leichtverletzten,0.0,3.0,0.0,1.0,0.0,0.0,0.0,,"8,465175137000074","49,507068419000063",,,Einbiegen / Kreuzen-Unfall,"Fahrrad, Pkw",Unfall anderer Art
,2018,10,12,6,Unfall mit Leichtverletzten,0.0,7.0,0.0,0.0,0.0,0.0,0.0,,"8,475315497000054","49,498597397000026",,,sonstiger Unfall,Fahrrad,Unfall anderer Art
,2018,10,11,6,Unfall mit Leichtverletzten,1.0,7.0,0.0,1.0,0.0,0.0,0.0,,"8,577301722000073","49,439796824000041",,,sonstiger Unfall,"Fahrrad, Pkw",Zusammenstoß mit anfahrendem/ anhaltendem/ ruhendem Fahrzeug
,2018,10,13,5,Unfall mit Schwerverletzten,1.0,3.0,0.0,1.0,0.0,0.0,0.0,,"8,482799427000032","49,513226790000033",,,Einbiegen / Kreuzen-Unfall,"Fahrrad, Pkw",Zusammenstoß mit anfahrendem/ anhaltendem/ ruhendem Fahrzeug
,2018,10,11,5,Unfall mit Leichtverletzten,3.0,2.0,0.0,0.0,0.0,0.0,0.0,,"8,474606750000021","49,484578885000076",,,Abbiegeunfall,Fahrrad,Zusammenstoß mit seitlich in gleicher Richtung fahrendem Fahrzeug
,2018,10,9,5,Unfall mit Leichtverletzten,1.0,5.0,0.0,1.0,0.0,0.0,0.0,,"8,468553707000069","49,491561377000039",,,Unfall durch ruhenden Verkehr,"Fahrrad, Pkw",Zusammenstoß mit anfahrendem/ anhaltendem/ ruhendem Fahrzeug
,2018,10,8,5,Unfall mit Leichtverletzten,5.0,3.0,0.0,1.0,0.0,0.0,0.0,,"8,478950398000052","49,460413119000066",,,Einbiegen / Kreuzen-Unfall,"Fahrrad, Pkw",Zusammenstoß mit einbiegendem / kreuzendem Fahrzeug
,2018,10,7,5,Unfall mit Leichtverletzten,3.0,5.0,1.0,1.0,0.0,0.0,0.0,,"8,518574295000065","49,514493222000056",,,Unfall durch ruhenden Verkehr,"Fahrrad, Pkw",Zusammenstoß mit seitlich in gleicher Richtung fahrendem Fahrzeug
,2018,10,4,5,Unfall mit Schwerverletzten,5.0,2.0,2.0,1.0,0.0,0.0,0.0,,"8,457280809000054","49,519933133000052",,,Abbiegeunfall,"Fahrrad, Pkw",Zusammenstoß mit einbiegendem / kreuzendem Fahrzeug
,2018,10,17,4,Unfall mit Leichtverletzten,5.0,2.0,0.0,1.0,0.0,0.0,0.0,,"8,523718653000060","49,438065232000042",,,Abbiegeunfall,"Fahrrad, Pkw",Zusammenstoß mit einbiegendem / kreuzendem Fahrzeug
,2018,10,17,4,Unfall mit Leichtverletzten,4.0,6.0,2.0,1.0,0.0,0.0,0.0,,"8,477881235000041","49,486543183000038",,,Unfall im Längsverkehr,"Fahrrad, Pkw",Zusammenstoß mit entgegenkommendem Fahrzeug
,2018,10,16,4,Unfall mit Leichtverletzten,0.0,1.0,0.0,0.0,0.0,0.0,0.0,,"8,531500990000041","49,487948046000042",,,Fahrunfall,Fahrrad,Unfall anderer Art
,2018,10,16,4,Unfall mit Leichtverletzten,0.0,7.0,0.0,1.0,0.0,0.0,0.0,,"8,530871521000051","49,486675236000053",,,sonstiger Unfall,"Fahrrad, Pkw",Unfall anderer Art
,2018,10,15,4,Unfall mit Schwerverletzten,5.0,3.0,0.0,1.0,0.0,0.0,0.0,,"8,501693853000063","49,499985779000042",,,Einbiegen / Kreuzen-Unfall,"Fahrrad, Pkw",Zusammenstoß mit einbiegendem / kreuzendem Fahrzeug
,2018,10,12,4,Unfall mit Leichtverletzten,5.0,3.0,0.0,1.0,0.0,0.0,0.0,,"8,507477351000034","49,510608301000048",,,Einbiegen / Kreuzen-Unfall,"Fahrrad, Pkw",Zusammenstoß mit einbiegendem / kreuzendem Fahrzeug
,2018,10,10,4,Unfall mit Leichtverletzten,0.0,6.0,0.0,0.0,0.0,0.0,0.0,,"8,490297064000060","49,452213528000073",,,Unfall im Längsverkehr,Fahrrad,Unfall anderer Art
,2018,10,7,4,Unfall mit Schwerverletzten,5.0,3.0,0.0,1.0,0.0,0.0,0.0,,"8,493269210000051","49,521840816000065",,,Einbiegen / Kreuzen-Unfall,"Fahrrad, Pkw",Zusammenstoß mit einbiegendem / kreuzendem Fahrzeug
,2018,10,18,3,Unfall mit Schwerverletzten,5.0,3.0,1.0,1.0,0.0,0.0,0.0,,"8,460371197000029","49,493293130000040",,,Einbiegen / Kreuzen-Unfall,"Fahrrad, Pkw",Zusammenstoß mit einbiegendem / kreuzendem Fahrzeug
,2018,10,17,3,Unfall mit Leichtverletzten,1.0,5.0,0.0,1.0,0.0,0.0,0.0,,"8,472864704000074","49,481089342000075",,,Unfall durch ruhenden Verkehr,"Fahrrad, Pkw",Zusammenstoß mit anfahrendem/ anhaltendem/ ruhendem Fahrzeug
,2018,10,13,3,Unfall mit Leichtverletzten,0.0,5.0,0.0,1.0,0.0,0.0,0.0,,"8,471064900000044","49,505416040000057",,,Unfall durch ruhenden Verkehr,"Fahrrad, Pkw",Unfall anderer Art
,2018,10,8,3,Unfall mit Leichtverletzten,5.0,3.0,0.0,0.0,0.0,0.0,1.0,,"8,450560615000029","49,549803772000075",,,Einbiegen / Kreuzen-Unfall,"Fahrrad, LKW",Zusammenstoß mit einbiegendem / kreuzendem Fahrzeug
,2018,10,8,3,Unfall mit Schwerverletzten,0.0,2.0,0.0,0.0,0.0,0.0,0.0,,"8,473372714000050","49,518680541000037",,,Abbiegeunfall,Fahrrad,Unfall anderer Art
,2018,10,17,2,Unfall mit Leichtverletzten,1.0,6.0,0.0,1.0,0.0,0.0,0.0,,"8,465818135000063","49,492862581000054",,,Unfall im Längsverkehr,"Fahrrad, Pkw",Zusammenstoß mit anfahrendem/ anhaltendem/ ruhendem Fahrzeug
,2018,10,16,2,Unfall mit Schwerverletzten,5.0,3.0,0.0,1.0,0.0,0.0,0.0,,"8,493279004000044","49,504985653000062",,,Einbiegen / Kreuzen-Unfall,"Fahrrad, Pkw",Zusammenstoß mit einbiegendem / kreuzendem Fahrzeug
,2018,10,13,2,Unfall mit Leichtverletzten,5.0,3.0,0.0,1.0,0.0,0.0,0.0,,"8,492223240000044","49,458707209000067",,,Einbiegen / Kreuzen-Unfall,"Fahrrad, Pkw",Zusammenstoß mit einbiegendem / kreuzendem Fahrzeug
,2018,10,11,2,Unfall mit Leichtverletzten,5.0,2.0,0.0,1.0,0.0,0.0,0.0,,"8,470176263000042","49,470418155000061",,,Abbiegeunfall,"Fahrrad, Pkw",Zusammenstoß mit einbiegendem / kreuzendem Fahrzeug
,2018,10,10,2,Unfall mit Leichtverletzten,1.0,5.0,0.0,1.0,0.0,0.0,0.0,,"8,533242330000064","49,425902159000032",,,Unfall durch ruhenden Verkehr,"Fahrrad, Pkw",Zusammenstoß mit anfahrendem/ anhaltendem/ ruhendem Fahrzeug
,2018,10,9,2,Unfall mit Leichtverletzten,0.0,7.0,0.0,0.0,0.0,0.0,0.0,,"8,493918663000045","49,455834125000081",,,sonstiger Unfall,Fahrrad,Unfall anderer Art
,2018,10,9,2,Unfall mit Leichtverletzten,6.0,7.0,0.0,0.0,1.0,0.0,0.0,,"8,503452962000040","49,468681519000029",,,sonstiger Unfall,"Fahrrad, Fußgänger",Zusammenstoß zwischen Fahrzeug und Fußgänger
,2018,10,13,1,Unfall mit Schwerverletzten,4.0,6.0,0.0,0.0,0.0,1.0,0.0,,"8,506458289000022","49,508559998000067",,,Unfall im Längsverkehr,"Fahrrad, Kraftrad",Zusammenstoß mit entgegenkommendem Fahrzeug
,2018,10,9,1,Unfall mit Leichtverletzten,0.0,7.0,0.0,0.0,0.0,0.0,0.0,,"8,481314970000028","49,456634658000041",,,sonstiger Unfall,Fahrrad,Unfall anderer Art
,2018,9,20,7,Unfall mit Leichtverletzten,5.0,3.0,1.0,0.0,0.0,0.0,0.0,,"8,470496576000073","49,501994948000061",,,Einbiegen / Kreuzen-Unfall,Fahrrad,Zusammenstoß mit einbiegendem / kreuzendem Fahrzeug
,2018,9,15,7,Unfall mit Leichtverletzten,5.0,3.0,0.0,1.0,0.0,0.0,0.0,,"8,473053720000053","49,472591145000081",,,Einbiegen / Kreuzen-Unfall,"Fahrrad, Pkw",Zusammenstoß mit einbiegendem / kreuzendem Fahrzeug
,2018,9,21,6,Unfall mit Leichtverletzten,0.0,7.0,2.0,0.0,0.0,0.0,0.0,,"8,469522113000039","49,491353824000043",,,sonstiger Unfall,Fahrrad,Unfall anderer Art
,2018,9,14,6,Unfall mit Leichtverletzten,5.0,3.0,0.0,1.0,0.0,0.0,0.0,,"8,519215627000051","49,490201348000028",,,Einbiegen / Kreuzen-Unfall,"Fahrrad, Pkw",Zusammenstoß mit einbiegendem / kreuzendem Fahrzeug
,2018,9,9,6,Unfall mit Leichtverletzten,5.0,3.0,0.0,1.0,0.0,0.0,0.0,,"8,476698300000066","49,462697265000031",,,Einbiegen / Kreuzen-Unfall,"Fahrrad, Pkw",Zusammenstoß mit einbiegendem / kreuzendem Fahrzeug
,2018,9,7,6,Unfall mit Leichtverletzten,4.0,2.0,0.0,1.0,0.0,0.0,0.0,,"8,481856776000029","49,493850333000069",,,Abbiegeunfall,"Fahrrad, Pkw",Zusammenstoß mit entgegenkommendem Fahrzeug
,2018,9,7,6,Unfall mit Leichtverletzten,5.0,3.0,1.0,1.0,0.0,0.0,0.0,,"8,512053058000049","49,523333132000062",,,Einbiegen / Kreuzen-Unfall,"Fahrrad, Pkw",Zusammenstoß mit einbiegendem / kreuzendem Fahrzeug
,2018,9,21,5,Unfall mit Leichtverletzten,0.0,7.0,2.0,1.0,0.0,0.0,0.0,,"8,457178782000028","49,494658499000082",,,sonstiger Unfall,"Fahrrad, Pkw",Unfall anderer Art
,2018,9,7,5,Unfall mit Leichtverletzten,3.0,2.0,0.0,0.0,0.0,0.0,1.0,,"8,508943858000066","49,519277999000053",,,Abbiegeunfall,"Fahrrad, LKW",Zusammenstoß mit seitlich in gleicher Richtung fahrendem Fahrzeug
,2018,9,17,4,Unfall mit Leichtverletzten,2.0,5.0,0.0,1.0,0.0,0.0,0.0,,"8,484109432000025","49,498600724000028",,,Unfall durch ruhenden Verkehr,"Fahrrad, Pkw",Zusammenstoß mit vorausfahrendem / wartendem Fahrzeug
,2018,9,13,4,Unfall mit Leichtverletzten,3.0,6.0,0.0,1.0,0.0,0.0,0.0,,"8,564054632000023","49,466441282000062",,,Unfall im Längsverkehr,"Fahrrad, Pkw",Zusammenstoß mit seitlich in gleicher Richtung fahrendem Fahrzeug
,2018,9,12,4,Unfall mit Schwerverletzten,5.0,2.0,0.0,1.0,0.0,0.0,0.0,,"8,508616201000052","49,503802708000080",,,Abbiegeunfall,"Fahrrad, Pkw",Zusammenstoß mit einbiegendem / kreuzendem Fahrzeug
,2018,9,10,4,Unfall mit Leichtverletzten,5.0,3.0,0.0,1.0,0.0,0.0,0.0,,"8,494006853000030","49,455806030000076",,,Einbiegen / Kreuzen-Unfall,"Fahrrad, Pkw",Zusammenstoß mit einbiegendem / kreuzendem Fahrzeug
,2018,9,9,4,Unfall mit Leichtverletzten,5.0,2.0,0.0,0.0,0.0,0.0,0.0,,"8,512206914000046","49,485475650000069",,,Abbiegeunfall,Fahrrad,Zusammenstoß mit einbiegendem / kreuzendem Fahrzeug
,2018,9,9,4,Unfall mit Leichtverletzten,0.0,7.0,0.0,0.0,0.0,0.0,0.0,,"8,472249653000063","49,457691637000039",,,sonstiger Unfall,Fahrrad,Unfall anderer Art
,2018,9,18,3,Unfall mit Leichtverletzten,0.0,6.0,0.0,1.0,0.0,0.0,0.0,,"8,466771367000035","49,486502543000029",,,Unfall im Längsverkehr,"Fahrrad, Pkw",Unfall anderer Art
,2018,9,18,3,Unfall mit Leichtverletzten,3.0,6.0,0.0,1.0,0.0,0.0,0.0,,"8,473598413000048","49,485745088000044",,,Unfall im Längsverkehr,"Fahrrad, Pkw",Zusammenstoß mit seitlich in gleicher Richtung fahrendem Fahrzeug
,2018,9,16,3,Unfall mit Schwerverletzten,3.0,2.0,0.0,1.0,0.0,0.0,0.0,,"8,488341574000060","49,494717391000052",,,Abbiegeunfall,"Fahrrad, Pkw",Zusammenstoß mit seitlich in gleicher Richtung fahrendem Fahrzeug
,2018,9,12,3,Unfall mit Schwerverletzten,5.0,3.0,0.0,1.0,0.0,0.0,0.0,,"8,464635082000029","49,488372871000081",,,Einbiegen / Kreuzen-Unfall,"Fahrrad, Pkw",Zusammenstoß mit einbiegendem / kreuzendem Fahrzeug
,2018,9,11,3,Unfall mit Leichtverletzten,5.0,3.0,0.0,1.0,0.0,0.0,0.0,,"8,543056530000058","49,500125455000045",,,Einbiegen / Kreuzen-Unfall,"Fahrrad, Pkw",Zusammenstoß mit einbiegendem / kreuzendem Fahrzeug
,2018,9,17,2,Unfall mit Leichtverletzten,6.0,7.0,0.0,0.0,1.0,0.0,0.0,,"8,478520792000040","49,460394251000025",,,sonstiger Unfall,"Fahrrad, Fußgänger",Zusammenstoß zwischen Fahrzeug und Fußgänger
,2018,9,16,2,Unfall mit Leichtverletzten,5.0,3.0,0.0,1.0,0.0,0.0,0.0,,"8,495868855000026","49,499191703000065",,,Einbiegen / Kreuzen-Unfall,"Fahrrad, Pkw",Zusammenstoß mit einbiegendem / kreuzendem Fahrzeug
,2018,9,7,2,Unfall mit Leichtverletzten,5.0,2.0,0.0,1.0,0.0,0.0,0.0,,"8,477780083000027","49,542545984000071",,,Abbiegeunfall,"Fahrrad, Pkw",Zusammenstoß mit einbiegendem / kreuzendem Fahrzeug
,2018,9,22,1,Unfall mit Schwerverletzten,0.0,7.0,2.0,0.0,0.0,0.0,0.0,,"8,445485389000055","49,544141693000029",,,sonstiger Unfall,Fahrrad,Unfall anderer Art
,2018,9,20,1,Unfall mit Leichtverletzten,0.0,7.0,2.0,0.0,0.0,0.0,0.0,,"8,534505699000022","49,424058290000062",,,sonstiger Unfall,Fahrrad,Unfall anderer Art
,2018,9,10,1,Unfall mit Leichtverletzten,3.0,6.0,0.0,1.0,0.0,0.0,0.0,,"8,467129173000046","49,490034739000066",,,Unfall im Längsverkehr,"Fahrrad, Pkw",Zusammenstoß mit seitlich in gleicher Richtung fahrendem Fahrzeug
,2018,8,18,7,Unfall mit Leichtverletzten,3.0,2.0,0.0,1.0,0.0,0.0,0.0,,"8,488757926000062","49,494636604000050",,,Abbiegeunfall,"Fahrrad, Pkw",Zusammenstoß mit seitlich in gleicher Richtung fahrendem Fahrzeug
,2018,8,17,7,Unfall mit Leichtverletzten,3.0,2.0,0.0,1.0,0.0,0.0,0.0,,"8,469205473000045","49,482118956000079",,,Abbiegeunfall,"Fahrrad, Pkw",Zusammenstoß mit seitlich in gleicher Richtung fahrendem Fahrzeug
,2018,8,12,7,Unfall mit Leichtverletzten,5.0,3.0,0.0,1.0,0.0,0.0,0.0,,"8,475883505000070","49,499726944000031",,,Einbiegen / Kreuzen-Unfall,"Fahrrad, Pkw",Zusammenstoß mit einbiegendem / kreuzendem Fahrzeug
,2018,8,16,6,Unfall mit Schwerverletzten,5.0,3.0,0.0,0.0,0.0,0.0,0.0,,"8,465324818000056","49,482831222000073",,,Einbiegen / Kreuzen-Unfall,Fahrrad,Zusammenstoß mit einbiegendem / kreuzendem Fahrzeug
,2018,8,16,6,Unfall mit Leichtverletzten,5.0,3.0,0.0,1.0,0.0,0.0,0.0,,"8,507463666000035","49,510610800000052",,,Einbiegen / Kreuzen-Unfall,"Fahrrad, Pkw",Zusammenstoß mit einbiegendem / kreuzendem Fahrzeug
,2018,8,12,6,Unfall mit Leichtverletzten,5.0,3.0,0.0,1.0,0.0,0.0,0.0,,"8,482653306000032","49,476964047000081",,,Einbiegen / Kreuzen-Unfall,"Fahrrad, Pkw",Zusammenstoß mit einbiegendem / kreuzendem Fahrzeug
,2018,8,8,6,Unfall mit Leichtverletzten,5.0,3.0,0.0,1.0,0.0,0.0,0.0,,"8,508976832000030","49,515134135000039",,,Einbiegen / Kreuzen-Unfall,"Fahrrad, Pkw",Zusammenstoß mit einbiegendem / kreuzendem Fahrzeug
,2018,8,22,5,Unfall mit Leichtverletzten,1.0,5.0,2.0,1.0,0.0,0.0,0.0,,"8,474464905000048","49,517318827000054",,,Unfall durch ruhenden Verkehr,"Fahrrad, Pkw",Zusammenstoß mit anfahrendem/ anhaltendem/ ruhendem Fahrzeug
,2018,8,21,5,Unfall mit Leichtverletzten,4.0,2.0,2.0,1.0,0.0,0.0,0.0,,"8,480946643000038","49,522130986000036",,,Abbiegeunfall,"Fahrrad, Pkw",Zusammenstoß mit entgegenkommendem Fahrzeug
,2018,8,13,5,Unfall mit Leichtverletzten,5.0,3.0,0.0,1.0,0.0,0.0,0.0,,"8,488091984000050","49,529036636000058",,,Einbiegen / Kreuzen-Unfall,"Fahrrad, Pkw",Zusammenstoß mit einbiegendem / kreuzendem Fahrzeug
,2018,8,8,5,Unfall mit Leichtverletzten,6.0,7.0,0.0,0.0,1.0,0.0,0.0,,"8,492236282000022","49,475066928000047",,,sonstiger Unfall,"Fahrrad, Fußgänger",Zusammenstoß zwischen Fahrzeug und Fußgänger
,2018,8,20,4,Unfall mit Leichtverletzten,5.0,3.0,2.0,1.0,0.0,0.0,0.0,,"8,464736804000040","49,493279361000077",,,Einbiegen / Kreuzen-Unfall,"Fahrrad, Pkw",Zusammenstoß mit einbiegendem / kreuzendem Fahrzeug
,2018,8,19,4,Unfall mit Leichtverletzten,5.0,5.0,0.0,1.0,0.0,0.0,0.0,,"8,461783282000056","49,504551004000064",,,Unfall durch ruhenden Verkehr,"Fahrrad, Pkw",Zusammenstoß mit einbiegendem / kreuzendem Fahrzeug
,2018,8,16,4,Unfall mit Leichtverletzten,0.0,7.0,0.0,0.0,0.0,0.0,0.0,,"8,499093274000074","49,520482893000064",,,sonstiger Unfall,Fahrrad,Unfall anderer Art
,2018,8,9,4,Unfall mit Leichtverletzten,1.0,5.0,0.0,1.0,0.0,0.0,0.0,,"8,526516965000042","49,487742099000059",,,Unfall durch ruhenden Verkehr,"Fahrrad, Pkw",Zusammenstoß mit anfahrendem/ anhaltendem/ ruhendem Fahrzeug
,2018,8,18,3,Unfall mit Schwerverletzten,0.0,7.0,0.0,0.0,0.0,0.0,0.0,,"8,481507820000047","49,452314388000048",,,sonstiger Unfall,Fahrrad,Unfall anderer Art
,2018,8,17,3,Unfall mit Leichtverletzten,5.0,3.0,0.0,1.0,0.0,0.0,0.0,,"8,454594024000073","49,521521271000040",,,Einbiegen / Kreuzen-Unfall,"Fahrrad, Pkw",Zusammenstoß mit einbiegendem / kreuzendem Fahrzeug