OBJECTID,UJAHR,UMONAT,USTUNDE,UWOCHENTAG,UKATEGORIE,UART,UTYP1,ULICHTVERH,IstPKW,IstFuss,IstKrad,IstGkfz,IstSonstige,XGCSWGS84,YGCSWGS84,Kommentar,Stadtteil,typ,involved,art
,2018,4,20,7,Unfall mit Leichtverletzten,5.0,3.0,0.0,1.0,0.0,0.0,0.0,,"8,488538114000050","49,524990910000042",,,Einbiegen / Kreuzen-Unfall,"Fahrrad, Pkw",Zusammenstoß mit einbiegendem / kreuzendem Fahrzeug
,2018,4,15,7,Unfall mit Leichtverletzten,1.0,5.0,0.0,1.0,0.0,0.0,0.0,,"8,466480736000051","49,489327542000069",,,Unfall durch ruhenden Verkehr,"Fahrrad, Pkw",Zusammenstoß mit anfahrendem/ anhaltendem/ ruhendem Fahrzeug
,2018,4,10,7,Unfall mit Leichtverletzten,5.0,2.0,0.0,1.0,0.0,0.0,0.0,,"8,471185290000051","49,511371172000054",,,Abbiegeunfall,"Fahrrad, Pkw",Zusammenstoß mit einbiegendem / kreuzendem Fahrzeug
,2018,4,6,7,Unfall mit Leichtverletzten,5.0,3.0,0.0,1.0,0.0,0.0,0.0,,"8,485649827000032","49,530257281000047",,,Einbiegen / Kreuzen-Unfall,"Fahrrad, Pkw",Zusammenstoß mit einbiegendem / kreuzendem Fahrzeug
,2018,4,1,7,Unfall mit Leichtverletzten,5.0,2.0,2.0,1.0,0.0,0.0,0.0,,"8,469340967000051","49,487461534000033",,,Abbiegeunfall,"Fahrrad, Pkw",Zusammenstoß mit einbiegendem / kreuzendem Fahrzeug
,2018,4,19,6,Unfall mit Leichtverletzten,5.0,3.0,0.0,1.0,0.0,0.0,0.0,,"8,498807288000023","49,453659237000068",,,Einbiegen / Kreuzen-Unfall,"Fahrrad, Pkw",Zusammenstoß mit einbiegendem / kreuzendem Fahrzeug
,2018,4,18,6,Unfall mit Leichtverletzten,0.0,3.0,0.0,1.0,0.0,0.0,0.0,,"8,476014749000058","49,486449372000038",,,Einbiegen / Kreuzen-Unfall,"Fahrrad, Pkw",Unfall anderer Art
,2018,4,17,6,Unfall mit Schwerverletzten,5.0,3.0,0.0,1.0,0.0,0.0,0.0,,"8,484312575000047","49,512915476000046",,,Einbiegen / Kreuzen-Unfall,"Fahrrad, Pkw",Zusammenstoß mit einbiegendem / kreuzendem Fahrzeug
,2018,4,16,6,Unfall mit Schwerverletzten,5.0,3.0,0.0,0.0,0.0,0.0,0.0,,"8,466984304000050","49,471976219000055",,,Einbiegen / Kreuzen-Unfall,Fahrrad,Zusammenstoß mit einbiegendem / kreuzendem Fahrzeug
,2018,4,13,6,Unfall mit Schwerverletzten,4.0,6.0,0.0,0.0,0.0,0.0,0.0,,"8,471482283000057","49,493587072000025",,,Unfall im Längsverkehr,Fahrrad,Zusammenstoß mit entgegenkommendem Fahrzeug
,2018,4,13,6,Unfall mit Leichtverletzten,3.0,6.0,0.0,1.0,0.0,0.0,0.0,,"8,470767722000062","49,486833796000042",,,Unfall im Längsverkehr,"Fahrrad, Pkw",Zusammenstoß mit seitlich in gleicher Richtung fahrendem Fahrzeug
,2018,4,12,6,Unfall mit Schwerverletzten,5.0,3.0,0.0,1.0,0.0,0.0,0.0,,"8,468073748000052","49,482387389000053",,,Einbiegen / Kreuzen-Unfall,"Fahrrad, Pkw",Zusammenstoß mit einbiegendem / kreuzendem Fahrzeug
,2018,4,11,6,Unfall mit Leichtverletzten,6.0,7.0,0.0,0.0,1.0,0.0,0.0,,"8,479383917000064","49,495893867000063",,,sonstiger Unfall,"Fahrrad, Fußgänger",Zusammenstoß zwischen Fahrzeug und Fußgänger
,2018,4,23,5,Unfall mit Leichtverletzten,2.0,7.0,2.0,1.0,0.0,0.0,0.0,,"8,472591063000039","49,480791330000045",,,sonstiger Unfall,"Fahrrad, Pkw",Zusammenstoß mit vorausfahrendem / wartendem Fahrzeug
,2018,4,15,5,Unfall mit Leichtverletzten,5.0,2.0,0.0,0.0,0.0,0.0,0.0,,"8,473967809000044","49,483597330000066",,,Abbiegeunfall,Fahrrad,Zusammenstoß mit einbiegendem / kreuzendem Fahrzeug
,2018,4,15,5,Unfall mit Leichtverletzten,6.0,4.0,0.0,0.0,1.0,0.0,0.0,,"8,470837208000035","49,497776144000056",,,Überschreiten-Unfall,"Fahrrad, Fußgänger",Zusammenstoß zwischen Fahrzeug und Fußgänger
,2018,4,11,5,Unfall mit Schwerverletzten,3.0,6.0,0.0,1.0,0.0,0.0,0.0,,"8,507461445000047","49,477709940000068",,,Unfall im Längsverkehr,"Fahrrad, Pkw",Zusammenstoß mit seitlich in gleicher Richtung fahrendem Fahrzeug
,2018,4,21,4,Unfall mit Leichtverletzten,5.0,3.0,2.0,1.0,0.0,0.0,0.0,,"8,472325806000072","49,480667221000033",,,Einbiegen / Kreuzen-Unfall,"Fahrrad, Pkw",Zusammenstoß mit einbiegendem / kreuzendem Fahrzeug
,2018,4,19,4,Unfall mit Leichtverletzten,0.0,6.0,0.0,0.0,0.0,0.0,0.0,,"8,473619872000029","49,496841007000057",,,Unfall im Längsverkehr,Fahrrad,Unfall anderer Art
,2018,4,18,4,Unfall mit Leichtverletzten,5.0,3.0,0.0,1.0,0.0,0.0,0.0,,"8,475839685000040","49,488987435000070",,,Einbiegen / Kreuzen-Unfall,"Fahrrad, Pkw",Zusammenstoß mit einbiegendem / kreuzendem Fahrzeug
,2018,4,8,4,Unfall mit Leichtverletzten,5.0,3.0,0.0,1.0,0.0,0.0,0.0,,"8,480964288000052","49,547036846000026",,,Einbiegen / Kreuzen-Unfall,"Fahrrad, Pkw",Zusammenstoß mit einbiegendem / kreuzendem Fahrzeug
,2018,4,6,4,Unfall mit Schwerverletzten,0.0,7.0,1.0,0.0,0.0,0.0,0.0,,"8,465521557000045","49,487012540000080",,,sonstiger Unfall,Fahrrad,Unfall anderer Art
,2018,4,6,4,Unfall mit Leichtverletzten,5.0,3.0,1.0,1.0,0.0,0.0,0.0,,"8,491223566000031","49,515673547000063",,,Einbiegen / Kreuzen-Unfall,"Fahrrad, Pkw",Zusammenstoß mit einbiegendem / kreuzendem Fahrzeug
,2018,4,16,3,Unfall mit Schwerverletzten,3.0,2.0,0.0,1.0,0.0,0.0,0.0,,"8,467720146000033","49,488001125000039",,,Abbiegeunfall,"Fahrrad, Pkw",Zusammenstoß mit seitlich in gleicher Richtung fahrendem Fahrzeug
,2018,4,16,3,Unfall mit Leichtverletzten,5.0,3.0,0.0,1.0,0.0,0.0,0.0,,"8,484270572000071","49,510283180000044",,,Einbiegen / Kreuzen-Unfall,"Fahrrad, Pkw",Zusammenstoß mit einbiegendem / kreuzendem Fahrzeug
,2018,4,15,3,Unfall mit Leichtverletzten,0.0,3.0,0.0,1.0,0.0,0.0,0.0,,"8,492254455000023","49,478633420000051",,,Einbiegen / Kreuzen-Unfall,"Fahrrad, Pkw",Unfall anderer Art
,2018,4,12,3,Unfall mit Leichtverletzten,1.0,5.0,0.0,0.0,0.0,0.0,0.0,,"8,481632938000075","49,452859764000038",,,Unfall durch ruhenden Verkehr,Fahrrad,Zusammenstoß mit anfahrendem/ anhaltendem/ ruhendem Fahrzeug
,2018,4,7,3,Unfall mit Leichtverletzten,5.0,3.0,0.0,1.0,0.0,0.0,0.0,,"8,476704612000049","49,462698664000072",,,Einbiegen / Kreuzen-Unfall,"Fahrrad, Pkw",Zusammenstoß mit einbiegendem / kreuzendem Fahrzeug
,2018,4,18,2,Unfall mit Schwerverletzten,0.0,7.0,0.0,0.0,0.0,0.0,0.0,,"8,465417525000021","49,485739363000050",,,sonstiger Unfall,Fahrrad,Unfall anderer Art
,2018,4,16,2,Unfall mit Schwerverletzten,6.0,6.0,0.0,0.0,1.0,0.0,0.0,,"8,484258344000068","49,493513273000076",,,Unfall im Längsverkehr,"Fahrrad, Fußgänger",Zusammenstoß zwischen Fahrzeug und Fußgänger
,2018,4,16,2,Unfall mit Leichtverletzten,5.0,3.0,0.0,1.0,0.0,0.0,0.0,,"8,490087134000021","49,461406365000073",,,Einbiegen / Kreuzen-Unfall,"Fahrrad, Pkw",Zusammenstoß mit einbiegendem / kreuzendem Fahrzeug
,2018,4,16,2,Unfall mit Schwerverletzten,6.0,7.0,0.0,0.0,1.0,0.0,0.0,,"8,472802996000041","49,482845056000031",,,sonstiger Unfall,"Fahrrad, Fußgänger",Zusammenstoß zwischen Fahrzeug und Fußgänger
,2018,4,15,2,Unfall mit Leichtverletzten,6.0,4.0,0.0,0.0,1.0,0.0,0.0,,"8,478828187000033","49,545413672000052",,,Überschreiten-Unfall,"Fahrrad, Fußgänger",Zusammenstoß zwischen Fahrzeug und Fußgänger
,2018,4,23,1,Unfall mit Leichtverletzten,0.0,7.0,2.0,0.0,0.0,0.0,0.0,,"8,466856983000071","49,499276092000059",,,sonstiger Unfall,Fahrrad,Unfall anderer Art
,2018,4,23,1,Unfall mit Leichtverletzten,0.0,7.0,2.0,0.0,0.0,0.0,0.0,,"8,476271196000027","49,480806346000065",,,sonstiger Unfall,Fahrrad,Unfall anderer Art
,2018,4,18,1,Unfall mit Leichtverletzten,5.0,3.0,0.0,1.0,0.0,0.0,0.0,,"8,492227335000052","49,458702148000043",,,Einbiegen / Kreuzen-Unfall,"Fahrrad, Pkw",Zusammenstoß mit einbiegendem / kreuzendem Fahrzeug
,2018,4,15,1,Unfall mit Leichtverletzten,0.0,7.0,0.0,0.0,0.0,0.0,0.0,,"8,562871747000031","49,467141921000064",,,sonstiger Unfall,Fahrrad,Unfall anderer Art
,2018,4,13,1,Unfall mit Leichtverletzten,3.0,2.0,0.0,1.0,0.0,0.0,0.0,,"8,492411436000054","49,521896352000056",,,Abbiegeunfall,"Fahrrad, Pkw",Zusammenstoß mit seitlich in gleicher Richtung fahrendem Fahrzeug
,2018,3,20,7,Unfall mit Leichtverletzten,3.0,5.0,2.0,1.0,0.0,0.0,0.0,,"8,462951714000042","49,489874330000077",,,Unfall durch ruhenden Verkehr,"Fahrrad, Pkw",Zusammenstoß mit seitlich in gleicher Richtung fahrendem Fahrzeug
,2018,3,19,7,Unfall mit Leichtverletzten,0.0,1.0,2.0,0.0,0.0,0.0,0.0,,"8,474028980000071","49,481221393000055",,,Fahrunfall,Fahrrad,Unfall anderer Art
,2018,3,12,7,Unfall mit Leichtverletzten,1.0,3.0,0.0,1.0,0.0,0.0,0.0,,"8,469326075000026","49,493667072000051",,,Einbiegen / Kreuzen-Unfall,"Fahrrad, Pkw",Zusammenstoß mit anfahrendem/ anhaltendem/ ruhendem Fahrzeug
,2018,3,16,6,Unfall mit Leichtverletzten,5.0,3.0,0.0,1.0,0.0,0.0,0.0,,"8,530106989000046","49,509545577000040",,,Einbiegen / Kreuzen-Unfall,"Fahrrad, Pkw",Zusammenstoß mit einbiegendem / kreuzendem Fahrzeug
,2018,3,15,6,Unfall mit Leichtverletzten,5.0,3.0,0.0,1.0,0.0,0.0,0.0,,"8,488310188000071","49,497542299000031",,,Einbiegen / Kreuzen-Unfall,"Fahrrad, Pkw",Zusammenstoß mit einbiegendem / kreuzendem Fahrzeug
,2018,3,13,6,Unfall mit Leichtverletzten,6.0,7.0,0.0,0.0,1.0,0.0,0.0,,"8,472259717000043","49,497547168000040",,,sonstiger Unfall,"Fahrrad, Fußgänger",Zusammenstoß zwischen Fahrzeug und Fußgänger
,2018,3,8,6,Unfall mit Leichtverletzten,0.0,7.0,0.0,0.0,0.0,0.0,0.0,,"8,455333841000027","49,484561227000029",,,sonstiger Unfall,Fahrrad,Unfall anderer Art
,2018,3,22,5,Unfall mit Leichtverletzten,5.0,3.0,2.0,1.0,0.0,0.0,0.0,,"8,537955879000037","49,518175996000082",,,Einbiegen / Kreuzen-Unfall,"Fahrrad, Pkw",Zusammenstoß mit einbiegendem / kreuzendem Fahrzeug
,2018,3,20,5,Unfall mit Leichtverletzten,0.0,7.0,2.0,1.0,0.0,0.0,0.0,,"8,485672027000021","49,466509693000035",,,sonstiger Unfall,"Fahrrad, Pkw",Unfall anderer Art
,2018,3,10,5,Unfall mit Leichtverletzten,5.0,3.0,0.0,1.0,0.0,0.0,0.0,,"8,486265634000063","49,452955542000041",,,Einbiegen / Kreuzen-Unfall,"Fahrrad, Pkw",Zusammenstoß mit einbiegendem / kreuzendem Fahrzeug
,2018,3,22,4,Unfall mit Leichtverletzten,0.0,7.0,2.0,0.0,0.0,0.0,0.0,,"8,485528735000059","49,462717328000053",,,sonstiger Unfall,Fahrrad,Unfall anderer Art
,2018,3,17,4,Unfall mit Getöteten,5.0,3.0,0.0,0.0,0.0,0.0,0.0,,"8,471316736000063","49,510679639000045",Nach einem Unfall am Mittwochabend in der Waldhofstraße in Mannheim schwebt ein Radfahrer in Lebensgefahr. Beim Überqueren der Gleise wurde er laut Polizei von einer Straßenbahn erfasst. Das Alter des Radfahrers konnte die Polizei zunächst nicht mitteilen. Auch der genaue Unfallhergang blieb zunächst offen. Anmerkung: Später im Krankenhaus verstorben.,Neckarstadt,Einbiegen / Kreuzen-Unfall,Fahrrad,Zusammenstoß mit einbiegendem / kreuzendem Fahrzeug
,2018,3,17,4,Unfall mit Leichtverletzten,1.0,6.0,1.0,1.0,0.0,0.0,0.0,,"8,467905241000040","49,476709751000044",,,Unfall im Längsverkehr,"Fahrrad, Pkw",Zusammenstoß mit anfahrendem/ anhaltendem/ ruhendem Fahrzeug
,2018,3,13,4,Unfall mit Leichtverletzten,0.0,5.0,0.0,1.0,0.0,0.0,0.0,,"8,489633444000049","49,529522751000059",,,Unfall durch ruhenden Verkehr,"Fahrrad, Pkw",Unfall anderer Art
,2018,3,12,4,Unfall mit Leichtverletzten,5.0,3.0,0.0,1.0,0.0,0.0,0.0,,"8,571194152000032","49,434316363000050",,,Einbiegen / Kreuzen-Unfall,"Fahrrad, Pkw",Zusammenstoß mit einbiegendem / kreuzendem Fahrzeug
,2018,3,8,4,Unfall mit Leichtverletzten,5.0,3.0,0.0,1.0,0.0,0.0,0.0,,"8,478098693000050","49,486799766000047",,,Einbiegen / Kreuzen-Unfall,"Fahrrad, Pkw",Zusammenstoß mit einbiegendem / kreuzendem Fahrzeug
,2018,3,18,3,Unfall mit Getöteten,,,,,,,,,8.4466742,49.4946834,"13.03.2018: Ein 17-jähriger Radfahrer ist in der Mannheimer Innenstadt zu Tode gekommen, als er das Gleichgewicht verlor und in den Rhein stürzte. Ersten Erkenntnissen zufolge soll der Jugendliche am Dienstag gegen 18.45 Uhr mit seinem Fahrrad im Handelshafen unterwegs gewesen sein. Wie die Polizei mitteilte, streifte er vermutlich das Gleis eines Hafenkrans, verlor die Kontrolle über sein Rad und stürzte über die etwa fünf Meter hohe Kaimauer in den Rhein. Eine Schiffsbesatzung entdeckte den leblosen Körper und alarmierte die Rettungskräfte. Die Feuerwehr konnte den 17-Jährigen nur noch tot bergen. Weshalb der 17-Jährige die Kontrolle über sein Fahrrad verlor, war zunächst unklar. Der Polizei zufolge gibt es keinen Hinweis auf Alkoholeinfluss. Mögliche Ursachen könnten zu hohe Geschwindigkeit oder Unaufmerksamkeit gewesen sein. .",Innenstadt,Unbekannt,Fahrrad,Unbekannt
,2018,3,13,3,Unfall mit Leichtverletzten,3.0,6.0,0.0,1.0,0.0,0.0,0.0,,"8,475202892000027","49,481349395000052",,,Unfall im Längsverkehr,"Fahrrad, Pkw",Zusammenstoß mit seitlich in gleicher Richtung fahrendem Fahrzeug
,2018,3,13,2,Unfall mit Leichtverletzten,6.0,7.0,0.0,0.0,1.0,0.0,0.0,,"8,479878620000022","49,482666648000077",,,sonstiger Unfall,"Fahrrad, Fußgänger",Zusammenstoß zwischen Fahrzeug und Fußgänger
,2018,3,10,2,Unfall mit Leichtverletzten,5.0,3.0,0.0,1.0,0.0,0.0,0.0,,"8,481110791000049","49,456828161000033",,,Einbiegen / Kreuzen-Unfall,"Fahrrad, Pkw",Zusammenstoß mit einbiegendem / kreuzendem Fahrzeug
,2018,2,23,7,Unfall mit Leichtverletzten,6.0,7.0,2.0,0.0,1.0,0.0,0.0,,"8,461985083000059","49,492306747000043",,,sonstiger Unfall,"Fahrrad, Fußgänger",Zusammenstoß zwischen Fahrzeug und Fußgänger
,2018,2,13,7,Unfall mit Leichtverletzten,5.0,3.0,0.0,1.0,0.0,0.0,0.0,,"8,508965185000022","49,517183418000059",,,Einbiegen / Kreuzen-Unfall,"Fahrrad, Pkw",Zusammenstoß mit einbiegendem / kreuzendem Fahrzeug
,2018,2,8,7,Unfall mit Leichtverletzten,5.0,3.0,0.0,1.0,0.0,0.0,0.0,,"8,492635983000071","49,478483623000045",,,Einbiegen / Kreuzen-Unfall,"Fahrrad, Pkw",Zusammenstoß mit einbiegendem / kreuzendem Fahrzeug
,2018,2,9,5,Unfall mit Leichtverletzten,0.0,7.0,0.0,1.0,0.0,0.0,0.0,,"8,474405612000055","49,496740831000068",,,sonstiger Unfall,"Fahrrad, Pkw",Unfall anderer Art
,2018,2,6,5,Unfall mit Leichtverletzten,5.0,3.0,2.0,1.0,0.0,0.0,0.0,,"8,461701677000065","49,516916635000030",,,Einbiegen / Kreuzen-Unfall,"Fahrrad, Pkw",Zusammenstoß mit einbiegendem / kreuzendem Fahrzeug
,2018,2,13,4,Unfall mit Leichtverletzten,5.0,2.0,0.0,1.0,0.0,0.0,0.0,,"8,467346064000026","49,490269479000062",,,Abbiegeunfall,"Fahrrad, Pkw",Zusammenstoß mit einbiegendem / kreuzendem Fahrzeug
,2018,2,18,3,Unfall mit Leichtverletzten,3.0,5.0,2.0,1.0,0.0,0.0,0.0,,"8,481537140000057","49,482526197000027",,,Unfall durch ruhenden Verkehr,"Fahrrad, Pkw",Zusammenstoß mit seitlich in gleicher Richtung fahrendem Fahrzeug
,2018,2,14,3,Unfall mit Leichtverletzten,0.0,1.0,0.0,0.0,0.0,0.0,0.0,,"8,493138335000026","49,565985834000060",,,Fahrunfall,Fahrrad,Unfall anderer Art
,2018,2,13,3,Unfall mit Leichtverletzten,4.0,6.0,0.0,0.0,0.0,0.0,0.0,,"8,470095288000039","49,483037394000064",,,Unfall im Längsverkehr,Fahrrad,Zusammenstoß mit entgegenkommendem Fahrzeug
,2018,2,9,3,Unfall mit Schwerverletzten,5.0,3.0,0.0,1.0,0.0,0.0,0.0,,"8,472936266000033","49,495579699000075",,,Einbiegen / Kreuzen-Unfall,"Fahrrad, Pkw",Zusammenstoß mit einbiegendem / kreuzendem Fahrzeug
,2018,2,16,2,Unfall mit Leichtverletzten,0.0,3.0,0.0,1.0,0.0,0.0,0.0,,"8,483094379000022","49,484229549000077",,,Einbiegen / Kreuzen-Unfall,"Fahrrad, Pkw",Unfall anderer Art
,2018,2,10,2,Unfall mit Leichtverletzten,5.0,2.0,0.0,0.0,0.0,0.0,1.0,,"8,455740156000047","49,487017274000038",,,Abbiegeunfall,"Fahrrad, LKW",Zusammenstoß mit einbiegendem / kreuzendem Fahrzeug
,2018,2,10,2,Unfall mit Leichtverletzten,0.0,7.0,0.0,1.0,0.0,0.0,0.0,,"8,472309647000031","49,469123941000078",,,sonstiger Unfall,"Fahrrad, Pkw",Unfall anderer Art
,2018,1,14,6,Unfall mit Leichtverletzten,0.0,7.0,0.0,1.0,0.0,0.0,0.0,,"8,480815908000068","49,457330196000044",,,sonstiger Unfall,"Fahrrad, Pkw",Unfall anderer Art
,2018,1,13,6,Unfall mit Leichtverletzten,3.0,5.0,0.0,1.0,0.0,0.0,0.0,,"8,466321962000052","49,490367832000061",,,Unfall durch ruhenden Verkehr,"Fahrrad, Pkw",Zusammenstoß mit seitlich in gleicher Richtung fahrendem Fahrzeug
,2018,1,9,6,Unfall mit Leichtverletzten,0.0,1.0,0.0,0.0,0.0,0.0,0.0,,"8,562734711000076","49,467212335000056",,,Fahrunfall,Fahrrad,Unfall anderer Art
,2018,1,18,5,Unfall mit Leichtverletzten,6.0,4.0,2.0,0.0,1.0,0.0,0.0,,"8,468680107000068","49,485765167000068",,,Überschreiten-Unfall,"Fahrrad, Fußgänger",Zusammenstoß zwischen Fahrzeug und Fußgänger
,2018,1,14,5,Unfall mit Leichtverletzten,5.0,7.0,0.0,1.0,0.0,0.0,0.0,,"8,488791461000062","49,530216088000032",,,sonstiger Unfall,"Fahrrad, Pkw",Zusammenstoß mit einbiegendem / kreuzendem Fahrzeug
,2018,1,12,5,Unfall mit Schwerverletzten,5.0,5.0,0.0,1.0,0.0,0.0,0.0,,"8,485529825000072","49,489089240000055",,,Unfall durch ruhenden Verkehr,"Fahrrad, Pkw",Zusammenstoß mit einbiegendem / kreuzendem Fahrzeug
,2018,1,9,5,Unfall mit Leichtverletzten,5.0,2.0,0.0,1.0,0.0,0.0,0.0,,"8,506750687000022","49,509503817000052",,,Abbiegeunfall,"Fahrrad, Pkw",Zusammenstoß mit einbiegendem / kreuzendem Fahrzeug
,2018,1,9,5,Unfall mit Schwerverletzten,5.0,3.0,0.0,1.0,0.0,0.0,0.0,,"8,506716214000051","49,509515516000079",,,Einbiegen / Kreuzen-Unfall,"Fahrrad, Pkw",Zusammenstoß mit einbiegendem / kreuzendem Fahrzeug
,2018,1,0,5,Unfall mit Schwerverletzten,8.0,7.0,2.0,0.0,0.0,0.0,0.0,,"8,466401160000032","49,499560139000039",,,sonstiger Unfall,Fahrrad,Abkommen von Fahrbahn nach rechts
,2018,1,18,4,Unfall mit Schwerverletzten,1.0,5.0,2.0,1.0,0.0,0.0,0.0,,"8,467452800000046","49,486239866000062",,,Unfall durch ruhenden Verkehr,"Fahrrad, Pkw",Zusammenstoß mit anfahrendem/ anhaltendem/ ruhendem Fahrzeug
,2018,1,17,4,Unfall mit Leichtverletzten,5.0,2.0,2.0,1.0,0.0,0.0,0.0,,"8,478564196000036","49,460334253000042",,,Abbiegeunfall,"Fahrrad, Pkw",Zusammenstoß mit einbiegendem / kreuzendem Fahrzeug
,2018,1,14,4,Unfall mit Leichtverletzten,5.0,3.0,0.0,1.0,0.0,0.0,0.0,,"8,494647230000055","49,451550012000041",,,Einbiegen / Kreuzen-Unfall,"Fahrrad, Pkw",Zusammenstoß mit einbiegendem / kreuzendem Fahrzeug
,2018,1,13,4,Unfall mit Leichtverletzten,4.0,6.0,0.0,1.0,0.0,0.0,0.0,,"8,466069087000051","49,490712768000037",,,Unfall im Längsverkehr,"Fahrrad, Pkw",Zusammenstoß mit entgegenkommendem Fahrzeug
,2018,1,15,2,Unfall mit Leichtverletzten,4.0,6.0,0.0,0.0,0.0,1.0,0.0,,"8,512276816000053","49,489468595000062",,,Unfall im Längsverkehr,"Fahrrad, Kraftrad",Zusammenstoß mit entgegenkommendem Fahrzeug
,2018,1,16,1,Unfall mit Leichtverletzten,5.0,3.0,1.0,1.0,0.0,0.0,0.0,,"8,524613905000024","49,509680521000064",,,Einbiegen / Kreuzen-Unfall,"Fahrrad, Pkw",Zusammenstoß mit einbiegendem / kreuzendem Fahrzeug
59031.0,2017,12,12,7,Unfall mit Schwerverletzten,5.0,2.0,,1.0,0.0,0.0,,,"8,538703173000044","49,484922904000030",,,Abbiegeunfall,"Fahrrad, Pkw",Zusammenstoß mit einbiegendem / kreuzendem Fahrzeug
158346.0,2017,12,17,6,Unfall mit Leichtverletzten,3.0,2.0,,1.0,0.0,0.0,,,"8,454922343000021","49,540139573000033",,,Abbiegeunfall,"Fahrrad, Pkw",Zusammenstoß mit seitlich in gleicher Richtung fahrendem Fahrzeug
158144.0,2017,12,7,6,Unfall mit Leichtverletzten,5.0,2.0,,1.0,0.0,0.0,,,"8,478386581000052","49,460247183000035",,,Abbiegeunfall,"Fahrrad, Pkw",Zusammenstoß mit einbiegendem / kreuzendem Fahrzeug
158524.0,2017,12,13,5,Unfall mit Leichtverletzten,5.0,3.0,,1.0,0.0,0.0,,,"8,559720398000025","49,464568201000077",,,Einbiegen / Kreuzen-Unfall,"Fahrrad, Pkw",Zusammenstoß mit einbiegendem / kreuzendem Fahrzeug
158750.0,2017,12,10,5,Unfall mit Schwerverletzten,0.0,7.0,,0.0,0.0,0.0,,,"8,526307395000060","49,489388530000042",,,sonstiger Unfall,Fahrrad,Unfall anderer Art
158912.0,2017,12,15,4,Unfall mit Leichtverletzten,5.0,5.0,,1.0,0.0,0.0,,,"8,454257282000071","49,495333722000055",,,Unfall durch ruhenden Verkehr,"Fahrrad, Pkw",Zusammenstoß mit einbiegendem / kreuzendem Fahrzeug
59663.0,2017,12,18,3,Unfall mit Leichtverletzten,3.0,6.0,,1.0,0.0,0.0,,,"8,487003605000041","49,465171136000038",,,Unfall im Längsverkehr,"Fahrrad, Pkw",Zusammenstoß mit seitlich in gleicher Richtung fahrendem Fahrzeug
158242.0,2017,12,17,3,Unfall mit Leichtverletzten,5.0,2.0,,1.0,0.0,0.0,,,"8,476016980000054","49,481179202000078",,,Abbiegeunfall,"Fahrrad, Pkw",Zusammenstoß mit einbiegendem / kreuzendem Fahrzeug
158241.0,2017,12,13,3,Unfall mit Leichtverletzten,3.0,2.0,,1.0,0.0,0.0,,,"8,490051158000028","49,528196509000054",,,Abbiegeunfall,"Fahrrad, Pkw",Zusammenstoß mit seitlich in gleicher Richtung fahrendem Fahrzeug
158602.0,2017,12,17,2,Unfall mit Leichtverletzten,6.0,7.0,,0.0,1.0,0.0,,,"8,470749700000056","49,489911521000067",,,sonstiger Unfall,"Fahrrad, Fußgänger",Zusammenstoß zwischen Fahrzeug und Fußgänger
158281.0,2017,12,16,2,Unfall mit Leichtverletzten,5.0,3.0,,0.0,0.0,0.0,,,"8,506769091000024","49,509497583000041",,,Einbiegen / Kreuzen-Unfall,Fahrrad,Zusammenstoß mit einbiegendem / kreuzendem Fahrzeug
158601.0,2017,12,9,2,Unfall mit Leichtverletzten,1.0,5.0,,1.0,0.0,0.0,,,"8,477352775000043","49,497601470000063",,,Unfall durch ruhenden Verkehr,"Fahrrad, Pkw",Zusammenstoß mit anfahrendem/ anhaltendem/ ruhendem Fahrzeug
158300.0,2017,12,12,1,Unfall mit Leichtverletzten,5.0,3.0,,1.0,0.0,0.0,,,"8,531703182000058","49,490397241000039",,,Einbiegen / Kreuzen-Unfall,"Fahrrad, Pkw",Zusammenstoß mit einbiegendem / kreuzendem Fahrzeug
157468.0,2017,11,10,7,Unfall mit Leichtverletzten,3.0,2.0,,1.0,0.0,0.0,,,"8,471151316000032","49,500129918000027",,,Abbiegeunfall,"Fahrrad, Pkw",Zusammenstoß mit seitlich in gleicher Richtung fahrendem Fahrzeug